세대	포켓몬	폼	이로치	레벨	볼	알	기술	도구	언어	한국어 가능	방법	대표 지역	대표 어버이	대표 TID	대표 SID	대표 카드	대표 파일	대표 행	시작	끝	배포 설명	카드 수	지역들
4	피카츄	0	Never	50	프레셔스볼		파도타기/10만볼트/빛의장막/전광석화	전기구슬			현장	미국	TCGWC	8107	20846		N/A - .pcd	0	2007-08-10	2007-08-12	World Championship	1	미국
4	마나피	0	Never	50	프레셔스볼		하트스왑/물의파동/바다회오리/녹기	빨강밴드			현장	미국	TRU	9297	60303	Diamond and Pearl MANAPHY Event	Diamond and Pearl MANAPHY Event.pcd	1	2007-09-29	2007-09-29	local English event Pokémon distributions in Generation IV	4	미국/기타지역
4	다크라이	0	Never	50	프레셔스볼		시간의포효/공간절단/악몽/최면술	의문열매			현장	한국	한국닌텐도	11088	59899	의문이 가득한 환상의 포켓몬 다크라이	N/A - 의문이 ?득한 환상의 포켓몬 다크라이.pcd	196	2008-11-08	2008-11-09	local Korean event Pokémon distributions in Generation IV	10	한국/일본/미국/유럽/기타지역
4	테오키스	0	Never	50	프레셔스볼		사이코부스트/전자포/철벽/신속	녹지않는얼음			현장	일본	１０ｔｈ	7147	47015	えいが１０しゅうねんきねん　デオキシス	えいが１０しゅうねんきねん デオキシス.pcd	145	2007-06-23	2007-09-02	local Japanese event Pokémon distributions in Generation IV	2	일본/미국
4	망나뇽	0	Never	50	프레셔스볼		용성군/10만볼트/역린/용의춤	플카열매			현장	일본	さいきょう	1158	11342	さいきょうクラスプレゼント　カイリュー	さいきょうクラスプレゼント カイリュー.pcd	153	2008-01-15	2008-02-14	local Japanese event Pokémon distributions in Generation IV	2	일본/미국
4	피카츄	0	Never	20	프레셔스볼		프레젠트/전광석화/전기쇼크/꼬리흔들기	전기구슬			현장	일본	アリオ	11219	28540	「プレゼント」をおぼえた　ピカチュウ	「プレゼント」をおぼえた ピカチュウ.pcd	177	2009-11-21	2009-11-23	local Japanese event Pokémon distributions in Generation IV	3	일본/미국/유럽
4	쉐이미	0	Never	50	프레셔스볼		시드플레어/아로마테라피/대타출동/에너지볼	미클열매			현장	한국	캐릭터페어	7249	58953	캐릭터페어 기념 선물 쉐이미	캐릭터페어 기념 선물 쉐이미.pcd	208	2009-07-24	2009-07-26	local Korean event Pokémon distributions in Generation IV	8	한국/일본/미국/유럽
4	레지기가스	0	Never	100	프레셔스볼		아이언헤드/스톤샤워/얼어붙은바람/묵사발	애슈열매			현장	한국	한국닌텐도	6209	15181	제6차 포켓몬 모으기 이벤트 레지기가스	제6차 포켓몬 모으기 이벤트 레지기가스.pcd	205	2009-06-20	2009-06-21	local Korean event Pokémon distributions in Generation IV	8	한국/일본/미국/유럽
4	아르세우스	0	Never	100	프레셔스볼		심판의뭉치/시간의포효/공간절단/섀도다이브	애터열매			현장	한국	영화관	12249	28562	스크린에서 찾아온 아르세우스	스크린에서 찾아온 아르세우스.pcd	211	2009-12-24	2010-01-31	local Korean event Pokémon distributions in Generation IV	9	한국/일본/미국/유럽/기타지역
4	피츄	0	Always	30	프레셔스볼		충전/볼트태클/죽기살기/버티기	변함없는돌			현장	미국	SPR2010	3050	56955	PIKACHU-COLORED PICHU!	PIKACHU-COLORED PICHU!.pcd	18	2010-03-05	2010-03-25	Wi-Fi English event Pokémon distributions in Generation IV	6	미국/유럽
4	다크라이	0	Never	50	몬스터볼		다크홀/악의파동/섀도볼/그림자분신				인터넷	일본	アルミア	3208	28204	ゆうしゅうな　ポケモントレーナーへ	ゆうしゅうな ポケモントレーナーへ.pcd	155	2008-04-26	2008-06-15	Pokémon Ranger: Shadows Of Almia	6	일본/미국
4	리오르	0	Never	30	몬스터볼		파동탄/섀도클로/불릿펀치/드레인펀치				인터넷	일본	カイト	3208	17806	ゆうしゅうな　ポケモントレーナーへ	ゆうしゅうな ポケモントレーナーへ.pcd	156	2008-03-20	2008-06-15	Pokémon Ranger: Shadows Of Almia	6	일본/미국/유럽
4	지라치	0	Never	5	프레셔스볼		희망사항/염동력/잠자기/용성군	치리열매			현장	일본	NZ	6199	35776	よぞらのジラーチ　プレゼント	よぞらのジラーチ プレゼント.pcd	170	2009-06-19	2009-07-17	Wi-Fi Japanese event Pokémon distributions in Generation IV	9	일본/미국/유럽/기타지역
4	이브이	0	Always	50	프레셔스볼		아이언테일/마지막수단/바둥바둥/전광석화	기합의띠			현장	일본	ＷＣＳ	1110	51199	ぎんのイーブイ　プレゼント	ぎんのイーブイ プレゼント.pcd	174	2010-01-11	2010-05-09	World Championship	5	일본/미국
4	뮤	0	Never	5	프레셔스볼		막치기				현장	일본	ススム	11219	50545	きんぎん１０しゅうねん　ミュウ	きんぎん１０しゅうねん ミュウ.pcd	175	2009-11-11	2009-11-23	Wi-Fi Japanese event Pokémon distributions in Generation IV	7	일본/미국/유럽
4	라이코	0	Always	30	프레셔스볼		전자포/파동탄/신속/웨더볼	미클열매			현장	한국	크라운시티	9180	28031	색이 다른 전설의 포켓몬 라이코	색이 다른 전설의 포켓몬 라이코.pcd	215	2010-09-18	2010-10-24	local Korean event Pokémon distributions in Generation IV	9	한국/일본/미국/유럽
4	앤테이	0	Always	30	프레셔스볼		플레어드라이브/멀리짖기/신속/브레이크클로	애슈열매			현장	한국	크라운시티	10300	12191	색이 다른 전설의 포켓몬 앤테이	색이 다른 전설의 포켓몬 앤테이.pcd	216	2010-10-30	2010-11-28	local Korean event Pokémon distributions in Generation IV	9	한국/일본/미국/유럽
4	스이쿤	0	Always	30	프레셔스볼		절대영도/에어슬래시/신속/아쿠아링	애터열매			현장	한국	크라운시티	12160	53594	내가 선택한 전설의 포켓몬 스이쿤	내가 선택한 전설의 포켓몬 스이쿤.pcd	219	2010-12-16	2011-01-09	local Korean event Pokémon distributions in Generation IV	8	한국/일본/미국/유럽
4	세레비	0	Never	50	프레셔스볼		리프스톰/HP회복/나쁜음모/치유소원	자보열매			현장	한국	영화관	12230	60432	스크린에서 온 세레비	스크린에서 온 세레비.pcd	220	2010-12-23	2011-02-28	local Korean event Pokémon distributions in Generation IV	9	한국/일본/미국/유럽
4	피카츄	0	Never	50	프레셔스볼		볼트태클/아이언테일/전광석화/10만볼트	전기구슬			인터넷	한국	지우	2011	65100	지우의 피카츄 선물	지우의 피카츄 선물.pcd	222	2011-02-01	2011-02-28	Wi-Fi Korean event Pokémon distributions in Generation IV	3	한국/일본/미국
4	크로뱃	0	Never	30	프레셔스볼		열풍/에어슬래시/분노의앞니/오물폭탄	생명의구슬			현장	미국	WORLD10	8150	15269	Battle in Kona	Battle in Kona.pcd	38	2010-08-15	2010-08-15	local English event Pokémon distributions in Generation IV / local French event Pokémon distributions in Generation IV / local German event Pokémon distributions in Generation IV / local Italian event Pokémon distributions in Generation IV / local Japanese event Pokémon distributions in Generation IV / local Spanish event Pokémon distributions in Generation IV	1	미국
4	피카츄	0	Never	10	몬스터볼		볼트태클/파도타기/꼬리흔들기/전기자석파	전기구슬			게임내	일본	ポケトピア	12146	56585	ひみつのおくりもの	ひみつのおくりもの.pcd	189	2006-12-14	No End Date	Pokémon Battle Revolution	6	일본/미국/유럽
4	에레키블	0	Never	50	몬스터볼		번개펀치/냉동펀치/크로스촙/지진	자석			게임내	미국	PKTOPIA	6257	47618	Shocking Secret Gift	Shocking Secret Gift.pcd	40	2007-06-25	No End Date	Pokémon Battle Revolution	5	미국/유럽
4	마그마번	0	Never	50	몬스터볼		화염방사/사이코키네시스/파괴광선/솔라빔	목탄			게임내	미국	PKTOPIA	6257	2565	Heated Secret Gift	Heated Secret Gift.pcd	41	2007-06-25	No End Date	Pokémon Battle Revolution	5	미국/유럽
4	루카리오	0	Never	30	프레셔스볼		발경/본러시/쾌청/블레이즈킥	먹다남은음식			현장	미국	WORLD08	8178	6406	Battle in Orlando	Battle in Orlando.pcd	42	2008-08-17	2008-08-17	local English event Pokémon distributions in Generation IV / local French event Pokémon distributions in Generation IV / local German event Pokémon distributions in Generation IV / local Italian event Pokémon distributions in Generation IV / local Japanese event Pokémon distributions in Generation IV / local Spanish event Pokémon distributions in Generation IV	1	미국
4	밀로틱	0	Always	50	프레셔스볼		비바라기/HP회복/하이드로펌프/얼어붙은바람	화염구슬			현장	한국	캐릭터페어	7210	7655	포켓몬 썸머 페스티벌2010 밀로틱	포켓몬 썸머 페스티벌2010 밀로틱.pcd	214	2010-07-21	2010-07-25	local Korean event Pokémon distributions in Generation IV	5	한국/일본/미국/유럽
4	밀로틱	0	Always	50	프레셔스볼		비바라기/HP회복/하이드로펌프/얼어붙은바람	화염구슬			현장	유럽	VGC09	5309	48136	Wow! Shiny MILOTIC!	Wow! Shiny MILOTIC!.pcd	44	2009-05-30	2009-05-30	local English event Pokémon distributions in Generation IV	1	유럽
4	포푸니라	0	Never	30	프레셔스볼		속이기/얼음뭉치/깜짝베기/깨트리기	기합의띠			현장	미국	WORLD09	8159	46299	Battle in San Diego	Battle in San Diego.pcd	46	2009-08-15	2009-08-15	local English event Pokémon distributions in Generation IV / local French event Pokémon distributions in Generation IV / local German event Pokémon distributions in Generation IV / local Italian event Pokémon distributions in Generation IV / local Japanese event Pokémon distributions in Generation IV / local Spanish event Pokémon distributions in Generation IV	1	미국
4	테오키스	1	Never	50	몬스터볼		사이코부스트/코멧펀치/엄청난힘/파괴광선				인터넷	일본	オブリビア	3060	20191	ゆうしゅうな　ポケモントレーナーへ	ゆうしゅうな ポケモントレーナーへ.pcd	190	2010-03-06	2010-05-17	Pokémon Ranger: Guardian Signs	6	일본/미국
4	테오키스	2	Never	50	몬스터볼		사이코부스트/판별/카운터/미러코트				인터넷	일본	オブリビア	3060	10470	ゆうしゅうな　ポケモントレーナーへ	ゆうしゅうな ポケモントレーナーへ.pcd	191	2010-03-06	2010-05-17	Pokémon Ranger: Guardian Signs	6	일본/미국
4	테오키스	0	Never	50	몬스터볼		사이코부스트/째려보기/김밥말이/나이트헤드				인터넷	일본	オブリビア	3060	55715	ゆうしゅうな　ポケモントレーナーへ	ゆうしゅうな ポケモントレーナーへ.pcd	192	2010-03-06	2010-05-17	Pokémon Ranger: Guardian Signs	6	일본/미국
4	테오키스	3	Never	50	몬스터볼		사이코부스트/스피드스타/그림자분신/신속				인터넷	일본	オブリビア	3060	6159	ゆうしゅうな　ポケモントレーナーへ	ゆうしゅうな ポケモントレーナーへ.pcd	193	2010-03-06	2010-05-17	Pokémon Ranger: Guardian Signs	6	일본/미국
4	히드런	0	Never	50	몬스터볼		분화/마그마스톰/대지의힘/원시의힘				인터넷	일본	オブリビア	3060	63645	ゆうしゅうな　ポケモントレーナーへ	ゆうしゅうな ポケモントレーナーへ.pcd	194	2010-03-18	2010-05-17	Pokémon Ranger: Guardian Signs	6	일본/미국
4	쉐이미	0	Never	30	몬스터볼		성장/매지컬리프/씨뿌리기/광합성				인터넷	일본	オブリビア	3060	29324	ゆうしゅうな　ポケモントレーナーへ	ゆうしゅうな ポケモントレーナーへ.pcd	195	2010-03-18	2010-05-17	Pokémon Ranger: Guardian Signs	6	일본/미국
4	게을킹	0	Never	50	프레셔스볼		기가임팩트/은혜갚기/섀도클로/제비반환				인터넷	일본	あきやま	1069	20866	This is a Dummy Card	N/A - This is a Dummy Card.pcd	124	2009-01-06	2009-01-19	Pokémon Ranch - Daisuki Club	1	일본
4	대포무노	0	Never	50	프레셔스볼		대포무노포/냉동빔/시그널빔/파괴광선	기합의머리띠			인터넷	일본	ごるこ	5138	43569	This is a Dummy Card	N/A - This is a Dummy Card.pcd	125	2008-05-13	2008-05-26	Pokémon Ranch - Daisuki Club	2	일본
4	플라이곤	0	Never	50	프레셔스볼		용성군/유턴/지진/드래곤클로	플카열매			인터넷	일본	ばば	7018	718	This is a Dummy Card	N/A - This is a Dummy Card.pcd	126	2008-07-01	2008-07-14	Pokémon Ranch - Daisuki Club	1	일본
4	나옹	0	Never	21	프레셔스볼		물기/속이기/마구할퀴기/싫은소리	분홍밴드			인터넷	일본	ゆっきーな	12098	20362	This is a Dummy Card	N/A - This is a Dummy Card.pcd	127	2008-12-09	2008-12-22	Pokémon Ranch - Daisuki Club	1	일본
4	메타그로스	0	Never	62	프레셔스볼		불릿펀치/코멧펀치/암해머/사념의박치기	오카열매			인터넷	일본	レッド	2109	30574	This is a Dummy Card	N/A - This is a Dummy Card.pcd	128	2009-02-10	2009-02-23	Pokémon Ranch - Daisuki Club	1	일본
4	페라페	0	Never	25	몬스터볼		따라하기/마구찌르기/수다/도발	평온의방울			현장	일본	コンサート	10286	57436	はっぴーバースデーコンサートプレゼント	はっぴーバースデーコンサートプレゼント.pcd	129	2006-10-28	2006-12-10	local Japanese event Pokémon distributions in Generation IV	1	일본
4	에레브	0	Never	30	몬스터볼		안다리걸기/전격파/빛의장막/번개펀치	에레키부스터			현장	일본	フェスタ	11256	25152	ともだちといっしょにプレゼント！パール	ともだちといっしょにプレゼント！パール.pcd	130	2006-11-25	2007-01-31	local Japanese event Pokémon distributions in Generation IV	1	일본
4	마그마	0	Never	30	몬스터볼		연막/회오리불꽃/이상한빛/불꽃펀치	마그마부스터			현장	일본	フェスタ	11256	18298	ともだちといっしょにプレゼント！ダイヤ	ともだちといっしょにプレゼント！ダイヤ.pcd	131	2006-11-25	2007-01-31	local Japanese event Pokémon distributions in Generation IV	1	일본
4	마나피	0	Never	5	몬스터볼		반딧불/거품/물놀이	왕의징표석			현장	일본	みずのたみ	12226	7700	うみのおうじ　マナフィ　プレゼント	うみのおうじ マナフィ プレゼント.pcd	132	2007-01-14	2007-01-21	local Japanese event Pokémon distributions in Generation IV	1	일본
4	트로피우스	0	Never	53	프레셔스볼		에어슬래시/광합성/쾌청/솔라빔				현장	일본	しょこたん	2027	62861	しょこたんのトロピウス　プレゼント	しょこたんのトロピウス プレゼント.pcd	133	2007-02-03	2007-02-12	local Japanese event Pokémon distributions in Generation IV	1	일본
4	메깅	0	Never	51	프레셔스볼		지진/아쿠아테일/사념의박치기/기가임팩트	린드열매			현장	일본	やまもと	3217	51799	やまもとのナマズン　プレゼント	やまもとのナマズン プレゼント.pcd	135	2007-03-21	2007-04-09	local Japanese event Pokémon distributions in Generation IV	1	일본
4	마나피	0	Never	50	프레셔스볼		물의파동/바다회오리/녹기/하트스왑				현장	일본	パルシティ	7157	41056	パルシティスペシャルプレゼント　マナフィ	パルシティスペシャルプレゼント マナフィ.pcd	136	2007-07-15	2007-07-15	local Japanese event Pokémon distributions in Generation IV	1	일본
4	마나피	0	Never	50	프레셔스볼		하트스왑/물의파동/바다회오리/녹기				현장	일본	パルシティ	7157	6367	パルシティスペシャルプレゼント　マナフィ	パルシティスペシャルプレゼント マナフィ.pcd	137	2007-07-15	2007-07-15	local Japanese event Pokémon distributions in Generation IV	1	일본
4	뮤	0	Never	50	프레셔스볼		변신/손가락흔들기/순간이동/파동탄				현장	일본	パルシティ	7157	33606	パルシティスペシャルプレゼント　ミュウ	パルシティスペシャルプレゼント ミュウ.pcd	138	2007-07-15	2007-07-15	local Japanese event Pokémon distributions in Generation IV	1	일본
4	뮤	0	Never	50	프레셔스볼		메가톤펀치/손가락흔들기/순간이동/파동탄				현장	일본	パルシティ	7157	49168	パルシティスペシャルプレゼント　ミュウ	パルシティスペシャルプレゼント ミュウ.pcd	139	2007-08-03	2007-08-05	local Japanese event Pokémon distributions in Generation IV	1	일본
4	뮤	0	Never	50	프레셔스볼		사이코키네시스/손가락흔들기/순간이동/파동탄				현장	일본	パルシティ	7157	13805	パルシティスペシャルプレゼント　ミュウ	パルシティスペシャルプレゼント ミュウ.pcd	140	2007-08-10	2007-08-12	local Japanese event Pokémon distributions in Generation IV	1	일본
4	뮤	0	Never	50	프레셔스볼		원시의힘/손가락흔들기/순간이동/파동탄				현장	일본	パルシティ	7157	61127	パルシティスペシャルプレゼント　ミュウ	パルシティスペシャルプレゼント ミュウ.pcd	141	2007-08-03	2007-08-05	local Japanese event Pokémon distributions in Generation IV	1	일본
4	뮤	0	Never	50	프레셔스볼		망각술/손가락흔들기/순간이동/파동탄				현장	일본	パルシティ	7157	43910	パルシティスペシャルプレゼント　ミュウ	パルシティスペシャルプレゼント ミュウ.pcd	142	2007-07-28	2007-07-28	local Japanese event Pokémon distributions in Generation IV	1	일본
4	뮤	0	Never	50	프레셔스볼		배리어/손가락흔들기/순간이동/파동탄				현장	일본	パルシティ	7157	45830	パルシティスペシャルプレゼント　ミュウ	パルシティスペシャルプレゼント ミュウ.pcd	143	2007-08-17	2007-08-19	local Japanese event Pokémon distributions in Generation IV	1	일본
4	루카리오	0	Never	50	프레셔스볼		파동탄/악의파동/용의파동/물의파동	금속코트			현장	일본	PALCITY	7157	56541	パルシティスペシャルプレゼント　LUCARIO	パルシティスペシャルプレゼント LUCARIO.pcd	144	2007-08-03	2007-08-05	local Japanese event Pokémon distributions in Generation IV	1	일본
4	지라치	0	Never	5	프레셔스볼		희망사항/염동력/잠자기	용아열매			현장	일본	タナバタ	7077	41928	ジラーチにねがいを　プレゼント	ジラーチにねがいを プレゼント.pcd	146	2007-07-01	2007-07-22	local Japanese event Pokémon distributions in Generation IV	1	일본
4	지라치	0	Never	5	프레셔스볼		희망사항/염동력/잠자기	캄라열매			현장	일본	タナバタ	7077	28320	ジラーチにねがいを　プレゼント	ジラーチにねがいを プレゼント.pcd	147	2007-07-01	2007-07-22	local Japanese event Pokémon distributions in Generation IV	1	일본
4	파이리	0	Never	40	프레셔스볼		은혜갚기/잠재파워/전광석화/멀리짖기	행복의알			현장	일본	トウキョー	7207	12105	おたんじょうび　きねん　プレゼント	おたんじょうび きねん プレゼント.pcd	148	2007-07-20	2008-07-19	local Japanese event Pokémon distributions in Generation IV	1	일본
4	에레키블	0	Never	50	프레셔스볼		빛의장막/번개펀치/방전/10만볼트	자석			현장	한국	피카츄카페	6298	21589	전기타입 최강 클래스 에레키블	전기타입 최갔 클래스 에레키블.pcd	200	2008-06-29	2008-06-29	피카츄카페 에레키블	2	한국/일본
4	마그마번	0	Never	50	프레셔스볼		이상한빛/불꽃펀치/분연/화염방사	목탄			현장	한국	피카츄카페	6298	6457	불꽃타입 최강 클래스 마그마번	불꽃타입 최갔 클래스 마그마번.pcd	201	2008-06-29	2008-06-29	local Korean event Pokémon distributions in Generation IV	2	한국/일본
4	밀로틱	0	Never	50	프레셔스볼		비바라기/HP회복/하이드로펌프/냉동빔	화염구슬			현장	일본	さいきょう	12157	37705	さいきょうクラスプレゼント　ミロカロス	さいきょうクラスプレゼント ミロカロス.pcd	152	2007-12-15	2008-01-14	local Japanese event Pokémon distributions in Generation IV	1	일본
4	보만다	0	Never	50	프레셔스볼		하이드로펌프/스톤에지/불대문자/드래곤클로	용의이빨			현장	일본	さいきょう	2158	12900	さいきょうクラスプレゼント　ボーマンダ	さいきょうクラスプレゼント ボーマンダ.pcd	154	2008-02-15	2008-03-14	local Japanese event Pokémon distributions in Generation IV	1	일본
4	피카츄	0	Never	20	프레셔스볼		전광석화/전기쇼크/꼬리흔들기/프레젠트	전기구슬			현장	일본	マック	5308	7501	「プレゼント」をおぼえた　ピカチュウ	「プレゼント」をおぼえた ピカチュウ.pcd	159	2008-05-30	2008-06-19	local Japanese event Pokémon distributions in Generation IV	1	일본
4	파이리	0	Never	40	프레셔스볼		은혜갚기/잠재파워/전광석화/멀리짖기	행복의알			현장	일본	トウキョー	7208	27372	おたんじょうび　きねん　プレゼント	おたんじょうび きねん プレゼント.pcd	160	2008-07-20	2009-07-19	local Japanese event Pokémon distributions in Generation IV	1	일본
4	지라치	0	Never	5	프레셔스볼		희망사항/염동력/잠자기	자보열매			현장	일본	タナバタ	8188	41454	ジラーチにねがいを　プレゼント	ジラーチにねがいを プレゼント.pcd	162	2008-08-18	2008-08-31	local Japanese event Pokémon distributions in Generation IV	1	일본
4	피카츄	0	Never	40	프레셔스볼		파도타기/번개/방어	조개껍질방울			현장	일본	ヨコハマ	10108	57139	おひっこし　きねん　プレゼント	おひっこし きねん プレゼント.pcd	163	2008-10-10	2008-11-03	local Japanese event Pokémon distributions in Generation IV	1	일본
4	피카츄	0	Never	40	프레셔스볼		파도타기/번개/방어	행복의알			현장	일본	ヨコハマ	12268	7242	おたんじょうび　きねん　プレゼント	おたんじょうび きねん プレゼント.pcd	164	2008-12-26	2009-12-25	local Japanese event Pokémon distributions in Generation IV	1	일본
4	이브이	0	Never	10	프레셔스볼		탐내기/물기/도우미/헤롱헤롱				현장	일본	ブイコレ	12068	21977	イーブイコレクション　きねんプレゼント	イーブイコレクション きねんプレゼント.pcd	166	2008-12-06	2009-01-12	local Japanese event Pokémon distributions in Generation IV	1	일본
4	피카츄	0	Never	50	프레셔스볼		잠자기/잠꼬대/코골기/하품	유루열매			현장	일본	おねむり	2079	55619	おねむりピカチュウ　プレゼント	おねむりピカチュウ プレゼント.pcd	167	2009-02-07	2009-03-15	local Japanese event Pokémon distributions in Generation IV	1	일본
4	피츄	0	Always	30	프레셔스볼		충전/볼트태클/죽기살기/버티기	변함없는돌			현장	일본	しょこたん	6199	13193	ピカチュウカラーのピチュー　プレゼント	ピカチュウカラーのピチュー プレゼント.pcd	168	2009-06-19	2009-08-31	local Japanese event Pokémon distributions in Generation IV	1	일본
4	나옹	0	Never	10	프레셔스볼		속이기/고양이돈받기/조수/할퀴기	부적금화			현장	일본	オーサカ	3209	52529	ポケモンセンター　ニャース　プレゼント	ポケモンセンター ニャース プレゼント.pcd	169	2009-03-20	2009-04-12	local Japanese event Pokémon distributions in Generation IV	1	일본
4	파이리	0	Never	40	프레셔스볼		은혜갚기/잠재파워/전광석화/멀리짖기	행복의알			현장	일본	トウキョー	7209	34107	おたんじょうび　きねん　プレゼント	おたんじょうび きねん プレゼント.pcd	171	2009-07-20	2010-07-19	local Japanese event Pokémon distributions in Generation IV	1	일본
4	불꽃숭이	0	Never	40	프레셔스볼		화염방사/번개펀치/풀묶기/도우미	행복의알			현장	일본	ナゴヤ	9129	63029	おたんじょうび　きねん　プレゼント	おたんじょうび きねん プレゼント.pcd	172	2009-09-12	2010-09-11	local Japanese event Pokémon distributions in Generation IV	1	일본
4	피카츄	0	Never	30	프레셔스볼		비장의무기/프레젠트/10만볼트/전광석화	평온의방울			현장	일본	キョウト	10039	46553	ピカチュウ  とっておきのプレゼント！	ピカチュウ  とっておきのプレゼント！.pcd	173	2009-10-03	2009-10-04	local Japanese event Pokémon distributions in Generation IV	1	일본
4	피카츄	0	Never	40	프레셔스볼		파도타기/번개/방어	행복의알			현장	일본	ヨコハマ	12269	51055	おたんじょうび　きねん　プレゼント	おたんじょうび きねん プレゼント.pcd	178	2009-12-26	2010-11-03	local Japanese event Pokémon distributions in Generation IV	1	일본
4	핫삼	0	Never	50	프레셔스볼		시저크로스/칼춤/철벽/고속이동	스타열매			인터넷	한국	달건	1071	64904	달건의 핫삼 선물	달건의 핫삼 선물.pcd	221	2011-01-07	2011-01-31	Wi-Fi Korean event Pokémon distributions in Generation IV / local Korean event Pokémon distributions in Generation IV	2	한국/일본
4	마나피	0	Never	50	프레셔스볼		아쿠아링/물의파동/물놀이/하트스왑	랑사열매			현장	한국	포켓몬사랑	3121	38778	환상의 포켓몬 마나피 선물	환상의 포켓몬 마나피 선물.pcd	223	2011-03-12	2011-04-17	local Korean event Pokémon distributions in Generation IV	2	한국/일본
4	파이리	0	Never	40	프레셔스볼		은혜갚기/잠재파워/전광석화/멀리짖기	행복의알			현장	일본	トウキョー	7200	58364	おたんじょうび　きねん　プレゼント	おたんじょうび きねん プレゼント.pcd	186	2010-07-20	2010-11-03	local Japanese event Pokémon distributions in Generation IV	1	일본
4	피카츄	0	Never	20	프레셔스볼		프레젠트/전광석화/전기쇼크/꼬리흔들기	전기구슬			현장	일본	セブン	8200	55194	「プレゼント」をおぼえた　ピカチュウ	「プレゼント」をおぼえた ピカチュウ.pcd	187	2010-08-20	2010-09-05	local Japanese event Pokémon distributions in Generation IV	1	일본
4	불꽃숭이	0	Never	40	프레셔스볼		화염방사/번개펀치/풀묶기/도우미	행복의알			현장	일본	ナゴヤ	9120	11976	おたんじょうび　きねん　プレゼント	おたんじょうび きねん プレゼント.pcd	188	2010-09-12	2010-11-03	local Japanese event Pokémon distributions in Generation IV	1	일본
4	테오키스	0	Never	50	프레셔스볼		사이코부스트/전자포/철벽/신속	용아열매			현장	한국	한국닌텐도	8308	13183	우주의 신비함을 간직한 포켓몬 테오키스	N/A - 우주의 신비함을 각직한 포켓몬 테오키스.pcd	197	2008-08-30	2008-08-31	제3차 포켓몬 모으기 이벤트	1	한국
4	마나피	0	Never	1	프레셔스볼		반딧불/거품/물놀이	왕의징표석			현장	한국	한국닌텐도	3298	52652	한국닌텐도의 특별한 선물 마나피	N/A - 한국닌텐도의 특별한 선물 마나피.pcd	198	2008-03-29	2008-03-30	local Korean event Pokémon distributions in Generation IV	1	한국
4	레쿠쟈	0	Never	70	프레셔스볼		공중날기/신속/역린/용성군	용의비늘			현장	한국	한국닌텐도	5318	2526	한국닌텐도의 특별한 선물 레쿠쟈	N/A - 한국닌텐도의 특별한 선물 레쿠쟈.pcd	199	2008-05-31	2008-06-01	local Korean event Pokémon distributions in Generation IV	1	한국
4	덩쿠림보	0	Never	50	프레셔스볼		쾌청/아침햇살/원시의힘/자연의은혜	야타비열매			현장	한국	피카츄카페	10038	61139	풀타입 최강 클래스 덩쿠림보	풀타입 최갔 클래스 덩쿠림보.pcd	202	2008-10-03	2008-10-03	피카츄카페 덩쿠림보	1	한국
4	뮤	0	Never	50	프레셔스볼		손가락흔들기/사이코키네시스/순간이동/파동탄	캄라열매			현장	한국	한국닌텐도	3219	36366	제5차 포켓몬 모으기 이벤트 선물 뮤	제5차 포켓몬 모으기 이벤트 선물 뮤.pcd	203	2009-03-21	2009-03-22	local Korean event Pokémon distributions in Generation IV	1	한국
4	윈디	0	Never	50	프레셔스볼		플레어드라이브/번개엄니/깨물어부수기/신속	목탄			현장	한국	배틀시리즈	6069	55303	배틀시리즈 2009 기념 선물 윈디	배틀시리즈 2009 기념 선물 윈디.pcd	204	2009-06-06	2009-06-07	local Korean event Pokémon distributions in Generation IV	1	한국
4	먹고자	0	Never	5	프레셔스볼		손가락흔들기/냄새구별/몸통박치기/저주	먹다남은음식			현장	한국	신세계	7049	38410	포켓몬코리아의 특별한 선물 먹고자	포켓몬코리아의 특별한 선물 먹고자.pcd	206	2009-07-04	2009-07-05	local Korean event Pokémon distributions in Generation IV	1	한국
4	빈티나	0	Never	5	프레셔스볼		튀어오르기/미러코트	자야열매			현장	한국	신세계	7049	4277	포켓몬코리아의 특별한 선물 빈티나	포켓몬코리아의 특별한 선물 빈티나.pcd	207	2009-07-04	2009-07-05	local Korean event Pokémon distributions in Generation IV	1	한국
4	피카츄	0	Never	30	프레셔스볼		볼트태클/전광석화/10만볼트/아이언테일	전기구슬			현장	한국	캐릭터페어	7249	36178	모두의 친구 피카츄	모두의 친구 피카츄.pcd	209	2009-07-24	2009-07-26	local Korean event Pokémon distributions in Generation IV	1	한국
4	피츄	0	Always	30	프레셔스볼		충전/볼트태클/버티기/죽기살기	변함없는돌			현장	한국	미케나	12179	20300	피카츄 컬러의 피츄 선물	피카츄 컬러의 피츄 선물.pcd	210	2009-12-17	2009-12-23	local Korean event Pokémon distributions in Generation IV	1	한국
4	지라치	0	Never	5	프레셔스볼		희망사항/염동력/잠자기	치리열매			현장	한국	한국닌텐도	1300	44886	새해의 소원을 지라치에게...	새해의 소원을 지라치에게....pcd	212	2010-01-30	2010-01-31	local Korean event Pokémon distributions in Generation IV	1	한국
4	쉐이미	0	Never	30	프레셔스볼		성장/매지컬리프/씨뿌리기/은혜갚기	평온의방울			현장	한국	타임스퀘어	5010	23655	포켓몬 봄맞이 이벤트 쉐이미	포켓몬 봄맞이 이벤트 쉐이미.pcd	213	2010-05-01	2010-05-02	local Korean event Pokémon distributions in Generation IV	1	한국
5	딱정곤	0	Never	50	프레셔스볼		메가혼/돌진/시저크로스/바둥바둥	벌레주얼	게임		현장	유럽	SMR2011	6011	0	It's a Karrablast!	It's a Karrablast!.pgf	247	2011-07-15	2011-07-17	local English event Pokémon distributions in Generation V	5	유럽
5	쪼마리	0	Never	50	프레셔스볼		앙코르/기가드레인/누르기/벌레의야단법석	벌레주얼	게임		현장	유럽	SMR2011	6011	0	It's a Shelmet!	It's a Shelmet!.pgf	248	2011-07-15	2011-07-17	local English event Pokémon distributions in Generation V	5	유럽
5	다크라이	0	Never	50	프레셔스볼		다크홀/괴상한바람/속여때리기/악몽	의문열매	게임	한국어	현장	한국	홈플러스	9031	0	올 겨울 신작 영화 개봉 기념!	올 겨울 신작 영화 개봉 기념!.pgf	820	2011-09-03	2011-09-25	local Korean event Pokémon distributions in Generation V	9	한국/일본/미국/유럽
5	터검니	0	Random	1	몬스터볼	알	할퀴기/용의분노		게임	한국어	인터넷	한국		0	0	수수께끼의 알 선물	수수께끼의 알 선물.pgf	821	2011-06-01	2011-06-26	Wi-Fi Korean event Pokémon distributions in Generation V	3	한국/일본/미국
5	야나프	0	Random	1	몬스터볼	알	씨기관총/물기/솔라빔/구멍파기		게임	한국어	인터넷	한국		0	0	수수께끼의 알 선물	수수께끼의 알 선물.pgf	822	2011-06-01	2011-06-26	5. Generation Südkorea	3	한국/일본/미국
5	콩둘기	0	Random	1	몬스터볼	알	바람일으키기/전광석화/에어커터		게임	한국어	인터넷	한국		0	0	수수께끼의 알 선물	수수께끼의 알 선물.pgf	823	2011-06-01	2011-06-26	Wi-Fi Korean event Pokémon distributions in Generation V	3	한국/일본/미국
5	조로아크	0	Never	50	프레셔스볼		고속이동/금제/혼내기/바크아웃		게임	한국어	현장	한국	방송국	6261	0	조로아크 선물	조로아크 선물.pgf	824	2011-06-26	2011-08-28	local Korean event Pokémon distributions in Generation V	9	한국/일본/미국/유럽
5	비크티니	0	Never	50	프레셔스볼		V제너레이트/크로스플레임/크로스썬더/화염탄	불꽃주얼	게임	한국어	현장	한국	아인트	12221	0	비크티니 선물	비크티니 선물.pgf	826	2011-12-22	2011-12-31	local Korean event Pokémon distributions in Generation V	7	한국/일본/미국/유럽
5	제크로무	0	Never	100	프레셔스볼		뇌격/크로스썬더/흑안개/역린	드래곤주얼	게임	한국어	현장	한국	지우	12221	0	제크로무 선물	제크로무 선물.pgf	827	2011-12-22	2012-02-29	local Korean event Pokémon distributions in Generation V	8	한국/일본/미국/유럽
5	레시라무	0	Never	100	프레셔스볼		푸른불꽃/크로스플레임/흰안개/용성군	드래곤주얼	게임	한국어	현장	한국	지우	12221	0	레시라무 선물	레시라무 선물.pgf	828	2011-12-22	2012-02-29	local Korean event Pokémon distributions in Generation V	8	한국/일본/미국/유럽
5	곤율거니	0	Never	50	프레셔스볼		불꽃펀치/보복/드레인펀치/대타출동	먹다남은음식	2		현장	미국	WORLD11	8141	0	Battle in San Diego	Battle in San Diego.pgf	261	2011-08-14	2011-08-14	local English event Pokémon distributions in Generation V	5	미국
5	뮤츠	0	Never	70	프레셔스볼		사이코브레이크/섀도볼/파동탄/일렉트릭볼	왕의징표석	게임	한국어	인터넷	한국	최강의귀환	3042	0	뮤츠 선물	뮤츠 선물.pgf	831	2012-03-04; 2012-03-15	2012-03-04; 2012-05-10	최강의 귀환 뮤츠 — 3/4 하비스퀘어 적외선, 3/15~5/10 Wi-Fi (ID 3042 = 12년 3월 4일)	7	한국/일본/미국/유럽
5	애버라스	0	Always	5	프레셔스볼		엄청난힘/물기/째려보기/모래바람	로플열매	게임		현장	미국	VGC12	3032	0	Great battles await you!	Great battles await you!.pgf	263	2012-03-03	2012-04-01	local English event Pokémon distributions in Generation V	5	미국
5	케르디오	0	Never	15	프레셔스볼			포인트맥스	게임		현장	일본	しょこたん	6232	0	ケルディオ　プレゼント	ケルディオ プレゼント.pgf	630	2012-06-23	2012-08-31	local Japanese event Pokémon distributions in Generation V	6	일본/미국/유럽
5	피카츄	0	Random	100	프레셔스볼		볼트태클/번개/풀묶기/전광석화	전기구슬	게임	한국어	현장	한국	썸머카니발	7142	0	최강 클래스 피카츄	최강 클래스 피카츄.pgf	836	2012-07-14	2012-08-29	local Korean event Pokémon distributions in Generation V	7	한국/일본/유럽
5	피카츄	0	Never	100	프레셔스볼		볼트태클/번개/풀묶기/전광석화	전기구슬	게임		현장	일본	おまつり	5112	0	ピカチュウ　プレゼント	ピカチュウ プレゼント.pgf	700	2012-05-11	2012-05-20	local Japanese event Pokémon distributions in Generation V	3	일본/기타지역
5	게노세크트	0	Never	15	프레셔스볼		테크노버스터/마그넷봄/솔라빔/시그널빔		게임		현장	미국	Plasma	10072	0	The Mythical Pokémon Genesect!	The Mythical Pokémon Genesect!.pgf	267	2012-10-07	2012-11-12	Wi-Fi English event Pokémon distributions in Generation V	5	미국
5	피카츄	0	Never	50	프레셔스볼		공중날기/10만볼트/풀묶기/방어	전기구슬	게임		현장	미국	WORLD12	8122	0	Soar to victory!	Soar to victory!.pgf	268	2012-08-12	2012-08-12	local English event Pokémon distributions in Generation V / local Japanese event Pokémon distributions in Generation V	6	미국
5	케르디오	0	Never	50	프레셔스볼		성스러운칼/하이드로펌프/아쿠아제트/칼춤	포인트맥스	게임		현장	미국	WIN2013	1163	0	The Mythical Pokémon Keldeo!	The Mythical Pokémon Keldeo!.pgf	269	2013-01-25	2013-02-12	Wi-Fi English event Pokémon distributions in Generation V	5	미국/유럽
5	메로엣타	0	Never	50	프레셔스볼		돌림노래/흔들흔들댄스/사이코키네시스/인파이트	포인트맥스	게임		현장	미국	SPR2013	3013	0	The Mythical Pokémon Meloetta!	The Mythical Pokémon Meloetta!.pgf	270	2013-02-23	2013-02-24	local English event Pokémon distributions in Generation V	5	미국
5	파르셀	0	Never	30	몬스터볼		고드름침/록블라스트/잠재파워/셸블레이드	구애스카프	2		현장	미국	Abram	1203	0	Blast Away the Competition!	Blast Away the Competition!.pgf	271	2013-01-20	2013-01-20	local English event Pokémon distributions in Generation V	1	미국
5	로파파	0	Never	30	몬스터볼		열탕/기가드레인/냉동빔/쾌청	자뭉열매	2		현장	미국	Toler	4143	0	Rise to the Challenge!	Rise to the Challenge!.pgf	272	2013-04-14	2013-04-14	local English event Pokémon distributions in Generation V	1	미국
5	메타그로스	0	Always	45	몬스터볼		지진/사념의박치기/방어/코멧펀치	리샘열매	2		현장	미국	Ray	5113	0	On the Way to Victory!	On the Way to Victory!.pgf	273	2013-05-11	2013-06-02	local English event Pokémon distributions in Generation V	5	미국
5	테오키스	0	Never	100	다크볼		나쁜음모/악의파동/HP회복/사이코부스트	생명의구슬	게임	한국어	현장	한국	플라스마단	5043	0	환상의 포켓몬 테오키스 선물!	환상의 포켓몬 테오키스 선물!.pgf	914	2013-05-04	2013-05-04	local Korean event Pokémon distributions in Generation V	8	한국/일본/미국/유럽
5	뮤츠	0	Never	100	프레셔스볼		사이코브레이크/냉동빔/치유파동/폭풍	애슈열매	1		현장	일본	Ｐヒルズ	6153	0	A super-fast Mewtwo for you!	A super-fast Mewtwo for you!.pgf	275	2013-06-15	2013-09-01	local English event Pokémon distributions in Generation V	2	일본
5	디아루가	0	Always	100	프레셔스볼		용의파동/용성군/파동탄/시간의포효		게임	한국어	현장	한국	10/12	9143	0	색이 다른 디아루가 선물	색이 다른 디아루가 선물.pgf	916	2013-09-14	2013-10-06	local Korean event Pokémon distributions in Generation V	7	한국/미국
5	펄기아	0	Always	100	프레셔스볼		하이드로펌프/용성군/공간절단/파동탄		게임	한국어	현장	한국	10/12	9143	0	색이 다른 펄기아 선물	색이 다른 펄기아 선물.pgf	917	2013-09-14	2013-10-06	local Korean event Pokémon distributions in Generation V	7	한국/미국
5	기라티나	0	Always	100	프레셔스볼		용의파동/드래곤클로/파동탄/섀도다이브		게임	한국어	현장	한국	10/12	9143	0	색이 다른 기라티나 선물	색이 다른 기라티나 선물.pgf	918	2013-09-14	2013-10-06	local Korean event Pokémon distributions in Generation V	7	한국/미국
5	루브도	0	Never	50	프레셔스볼		칼등치기/버섯포자/냄새구별/검은눈빛	실크스카프	게임		현장	미국	WORLD13	8113	0	Battle in Vancouver!	Battle in Vancouver!.pgf	282	2013-08-10	2013-08-11	local English event Pokémon distributions in Generation V / local Japanese event Pokémon distributions in Generation V	5	미국
5	나옹	0	Never	15	프레셔스볼		마구할퀴기/노래하기/나쁜음모/가로채기	연막탄	게임	한국어	인터넷	한국	로켓단	5103	0	로켓단의 나옹을 선물!	로켓단의 나옹을 선물!.pgf	904	2013-05-10	2013-06-09	5. Generation Südkorea	3	한국/일본/유럽
5	코고미	0	Never	15	프레셔스볼		눈싸라기/울음소리/참기/얼어붙은바람	풀회복약	게임		현장	일본	ポケスマ	10220	0	おたすけクマシュン　プレゼント	おたすけクマシュン プレゼント.pgf	351	2010-10-22	2010-11-29	Wi-Fi Japanese event Pokémon distributions in Generation V	1	일본
5	에레브	0	Never	30	프레셔스볼		안다리걸기/스피드스타/전격파/빛의장막	에레키부스터	게임		현장	일본	きょうえん	10100	0	がくえんさい×ポケモンプレゼント	がくえんさい×ポケモンプレゼント.pgf	352	2010-10-10	2010-11-28	Trade for Evolution!	25	일본
5	고우스트	0	Never	30	프레셔스볼		이상한빛/기습/섀도펀치/보복	고스트주얼	게임		현장	일본	きょうえん	10100	0	がくえんさい×ポケモンプレゼント	がくえんさい×ポケモンプレゼント.pgf	353	2010-10-10	2010-11-28	Trade for Evolution!	25	일본
5	딱정곤	0	Never	30	프레셔스볼		마구찌르기/박치기/칼등치기/벌레의야단법석	벌레주얼	게임		현장	일본	きょうえん	10100	0	がくえんさい×ポケモンプレゼント	がくえんさい×ポケモンプレゼント.pgf	354	2010-10-10	2010-11-28	Trade for Evolution!	25	일본
5	근육몬	0	Never	30	프레셔스볼		로킥/꿰뚫어보기/지구던지기/리벤지	격투주얼	게임		현장	일본	きょうえん	10100	0	がくえんさい×ポケモンプレゼント	がくえんさい×ポケモンプレゼント.pgf	355	2010-10-10	2010-11-28	Trade for Evolution!	25	일본
5	마그마	0	Never	30	프레셔스볼		연막/속여때리기/회오리불꽃/이상한빛	마그마부스터	게임		현장	일본	きょうえん	10100	0	がくえんさい×ポケモンプレゼント	がくえんさい×ポケモンプレゼント.pgf	356	2010-10-10	2010-11-28	Trade for Evolution!	25	일본
5	스라크	0	Never	30	프레셔스볼		고속이동/날개치기/연속자르기/베어가르기	금속코트	게임		현장	일본	きょうえん	10100	0	がくえんさい×ポケモンプレゼント	がくえんさい×ポケモンプレゼント.pgf	357	2010-10-10	2010-11-28	Trade for Evolution!	25	일본
5	쪼마리	0	Never	30	프레셔스볼		벌레의저항/메가드레인/하품/방어	벌레주얼	게임		현장	일본	きょうえん	10100	0	がくえんさい×ポケモンプレゼント	がくえんさい×ポケモンプレゼント.pgf	358	2010-10-10	2010-11-28	Trade for Evolution!	25	일본
5	야돈	0	Never	30	프레셔스볼		염동력/사슬묶기/박치기/물의파동	왕의징표석	게임		현장	일본	きょうえん	10100	0	がくえんさい×ポケモンプレゼント	がくえんさい×ポケモンプレゼント.pgf	359	2010-10-10	2010-11-28	Trade for Evolution!	25	일본
5	다부니	0	Never	30	프레셔스볼		치유파동/도우미/리프레시/연속뺨치기	이상한사탕	게임		현장	일본	オーサカ	11040	0	おたんじょうび　おめでとう！！	おたんじょうび おめでとう！！.pgf	360	2010-11-04	2011-11-03	Pokémon Center Birthday	6	일본
5	곤율랭	0	Never	1	프레셔스볼		째려보기/안다리걸기/박치기/무릎차기	힘의머리띠	게임	한국어	인터넷	한국	지우	6281	0	지우의 곤율랭 선물	지우의 곤율랭 선물.pgf	825	2011-06-28	2011-07-17	Wi-Fi Korean event Pokémon distributions in Generation V	2	한국/일본
5	터검니	0	Never	10	프레셔스볼		용의분노/은혜갚기/버티기/드래곤클로	평온의방울	게임		현장	일본	サーチャー	3191	0	キバゴ　プレゼント	キバゴ プレゼント.pgf	568	2011-03-19	2011-04-03	local Japanese event Pokémon distributions in Generation V	1	일본
5	삼삼드래	0	Always	70	프레셔스볼		하이퍼보이스/용의숨결/화염방사/기합구슬		게임	한국어	인터넷	한국	카리타	11031	0	카리타의 삼삼드래 선물	카리타의 삼삼드래 선물.pgf	829	2011-11-03	2012-01-31	Wi-Fi Korean event Pokémon distributions in Generation V	2	한국/일본
5	골루그	0	Always	70	프레셔스볼		섀도펀치/파괴광선/자이로볼/암해머		게임	한국어	인터넷	한국	잔타	11031	0	잔타의 골루그 선물	잔타의 골루그 선물.pgf	830	2011-11-03	2012-01-31	Wi-Fi Korean event Pokémon distributions in Generation V	2	한국/일본
5	피카츄	0	Never	50	프레셔스볼		공중날기/아이언테일/일렉트릭볼/전광석화		게임		현장	일본	ＡＮＡ	7181	0	ＡＮＡ　ピカチュウ　プレゼント	ＡＮＡ ピカチュウ プレゼント.pgf	571	2011-07-18	2011-09-30	local Japanese event Pokémon distributions in Generation V	1	일본
5	피카츄	0	Never	30	프레셔스볼		노래하기/흔들흔들댄스/앙코르/일렉트릭볼	전기구슬	게임		현장	일본	ＥＬＴ	7301	0	「うたうピカチュウ」をうけとろう！	「うたうピカチュウ」をうけとろう！.pgf	572	2011-07-30	2011-08-28	a-nation For Life	8	일본
5	주리비얀	0	Never	5	프레셔스볼		성장/광합성/에너지볼/아로마테라피	힘의머리띠	게임		현장	일본	トウホク	12041	0	ポケモンセンタートウホク　プレゼント	ポケモンセンタートウホク プレゼント.pgf	581	2011-12-04	2011-12-18	local Japanese event Pokémon distributions in Generation V	1	일본
5	다부니	0	Never	30	프레셔스볼		치유파동/도우미/리프레시/프레젠트	이상한사탕	게임		현장	일본	オーサカ	11041	0	おたんじょうび　おめでとう！！	おたんじょうび おめでとう！！.pgf	582	2011-11-04	2012-11-03	Pokémon Center Birthday	7	일본
5	볼트로스	0	Never	70	프레셔스볼		번개/암해머/기합구슬/와일드볼트	부활초	게임	한국어	인터넷	한국	삼로스섬	5142	0	삼로스섬의 볼트로스 선물	삼로스섬의 볼트로스 선물.pgf	832	2012-05-14	2012-07-05	Wi-Fi Korean event Pokémon distributions in Generation V	2	한국/일본
5	토네로스	0	Never	70	프레셔스볼		폭풍/암해머/에어슬래시/잠재파워	부활초	게임	한국어	인터넷	한국	삼로스섬	5142	0	삼로스섬의 토네로스 선물	삼로스섬의 토네로스 선물.pgf	833	2012-05-14	2012-07-05	Wi-Fi Korean event Pokémon distributions in Generation V	2	한국/일본
5	쉐이미	0	Never	50	프레셔스볼		시드플레어/씨뿌리기/광합성/달콤한향기		게임		현장	일본	ＰＣ	12191	0	かんしゃのきもち！シェイミ プレゼント	かんしゃのきもち！シェイミ プレゼント.pgf	591	2011-12-19	2012-01-05	local Japanese event Pokémon distributions in Generation V	1	일본
5	아공이	0	Random	1	몬스터볼	알	분노		게임		현장	일본		0	0	ことしはたつどし！タマゴ プレゼント	ことしはたつどし！タマゴ プレゼント.pgf	592	2012-01-06	2012-02-05	local Japanese event Pokémon distributions in Generation V	4	일본
5	모노두	0	Random	1	몬스터볼	알	몸통박치기/용의분노		게임		현장	일본		0	0	ことしはたつどし！タマゴ プレゼント	ことしはたつどし！タマゴ プレゼント.pgf	593	2012-01-06	2012-02-05	local Japanese event Pokémon distributions in Generation V	4	일본
5	크리만	0	Random	1	몬스터볼	알	째려보기/할퀴기		게임		현장	일본		0	0	ことしはたつどし！タマゴ プレゼント	ことしはたつどし！タマゴ プレゼント.pgf	594	2012-01-06	2012-02-05	local Japanese event Pokémon distributions in Generation V	4	일본
5	쏘드라	0	Random	1	몬스터볼	알	거품		게임		현장	일본		0	0	ことしはたつどし！タマゴ プレゼント	ことしはたつどし！タマゴ プレゼント.pgf	595	2012-01-06	2012-02-05	local Japanese event Pokémon distributions in Generation V	4	일본
5	파비코	0	Random	1	몬스터볼	알	쪼기/울음소리		게임		현장	일본		0	0	ことしはたつどし！タマゴ プレゼント	ことしはたつどし！タマゴ プレゼント.pgf	596	2012-01-06	2012-02-05	local Japanese event Pokémon distributions in Generation V	4	일본
5	톱치	0	Random	1	몬스터볼	알	물기		게임		현장	일본		0	0	ことしはたつどし！タマゴ プレゼント	ことしはたつどし！タマゴ プレゼント.pgf	597	2012-01-06	2012-02-05	local Japanese event Pokémon distributions in Generation V	4	일본
5	레쿠쟈	0	Never	100	프레셔스볼		신속/파괴광선/용의파동/V제너레이트	생명의구슬	게임		현장	일본	せんきょ	2102	0	れきだいゲーム　ポケモンそうせんきょ	れきだいゲーム ポケモンそうせんきょ.pgf	616	2012-02-10	2012-02-27	local Japanese event Pokémon distributions in Generation V	1	일본
5	레쿠쟈	0	Always	70	프레셔스볼		용의파동/원시의힘/역린/용의춤		게임		현장	일본	ノブナガ	3172	0	くろいレックウザ　プレゼント	くろいレックウザ プレゼント.pgf	617	2012-03-17	2012-04-16	Wi-Fi Japanese event Pokémon distributions in Generation V	1	일본
5	번치코	0	Random	50	프레셔스볼		플레어드라이브/무릎차기/번개펀치/스톤에지		게임		현장	일본	ながさき	3172	0	ちょうきょうりょくポケモン　プレゼント！	ちょうきょうりょくポケモン プレゼント！.pgf	618	2012-03-17	2012-04-01	Kyushu Trains Event	8	일본
5	나무킹	0	Random	50	프레셔스볼		리프스톰/용의파동/기합구슬/스톤샤워		게임		현장	일본	ながさき	3172	0	ちょうきょうりょくポケモン　プレゼント！	ちょうきょうりょくポケモン プレゼント！.pgf	619	2012-03-17	2012-04-01	Kyushu Trains Event	8	일본
5	대짱이	0	Random	50	프레셔스볼		지진/냉동빔/하이드로펌프/암해머		게임		현장	일본	ながさき	3172	0	ちょうきょうりょくポケモン　プレゼント！	ちょうきょうりょくポケモン プレゼント！.pgf	620	2012-03-17	2012-04-01	Kyushu Trains Event	8	일본
5	로파파	0	Random	50	프레셔스볼		속이기/하이드로펌프/냉동빔/기가드레인		게임		현장	일본	ながさき	3172	0	ちょうきょうりょくポケモン　プレゼント！	ちょうきょうりょくポケモン プレゼント！.pgf	621	2012-04-02	2012-04-22	Kyushu Trains Event	8	일본
5	밀로틱	0	Random	50	프레셔스볼		HP회복/하이드로펌프/냉동빔/미러코트		게임		현장	일본	ながさき	3172	0	ちょうきょうりょくポケモン　プレゼント！	ちょうきょうりょくポケモン プレゼント！.pgf	622	2012-04-02	2012-04-22	Kyushu Trains Event	8	일본
5	씨카이저	0	Random	50	프레셔스볼		냉동빔/소금물/싸라기눈/절대영도		게임		현장	일본	ながさき	3172	0	ちょうきょうりょくポケモン　プレゼント！	ちょうきょうりょくポケモン プレゼント！.pgf	623	2012-04-02	2012-04-22	Kyushu Trains Event	8	일본
5	가디안	0	Random	50	프레셔스볼		최면술/10만볼트/기합구슬/사이코키네시스		게임		현장	일본	ながさき	3172	0	ちょうきょうりょくポケモン　プレゼント！	ちょうきょうりょくポケモン プレゼント！.pgf	624	2012-04-23	2012-05-06	Kyushu Trains Event	8	일본
5	메타그로스	0	Random	50	프레셔스볼		코멧펀치/지진/불릿펀치		게임		현장	일본	ながさき	3172	0	ちょうきょうりょくポケモン　プレゼント！	ちょうきょうりょくポケモン プレゼント！.pgf	625	2012-04-23	2012-05-06	Kyushu Trains Event	8	일본
5	보만다	0	Random	50	프레셔스볼		용의춤/드래곤클로/역린/제비반환		게임		현장	일본	ながさき	3172	0	ちょうきょうりょくポケモン　プレゼント！	ちょうきょうりょくポケモン プレゼント！.pgf	626	2012-04-23	2012-05-06	Kyushu Trains Event	8	일본
5	그란돈	0	Random	80	프레셔스볼		지진/원시의힘/분화/솔라빔		게임		현장	일본	フクオカ	3172	0	ちょうきょうりょくポケモン　プレゼント！	ちょうきょうりょくポケモン プレゼント！.pgf	627	2012-03-17	2012-04-15	local Japanese event Pokémon distributions in Generation V	1	일본
5	가이오가	0	Random	80	프레셔스볼		냉동빔/원시의힘/해수스파우팅/번개		게임		현장	일본	フクオカ	3172	0	ちょうきょうりょくポケモン　プレゼント！	ちょうきょうりょくポケモン プレゼント！.pgf	628	2012-04-16	2012-05-06	local Japanese event Pokémon distributions in Generation V	1	일본
5	피카츄	0	Random	50	프레셔스볼		신속/10만볼트/풀묶기/깨트리기		게임		현장	일본	さくら	3012	0	しんそくピカチュウ　プレゼント	しんそくピカチュウ プレゼント.pgf	629	2012-03-01	2012-05-06	local Japanese event Pokémon distributions in Generation V	1	일본
5	메로엣타	0	Never	15	프레셔스볼			포인트맥스	게임		현장	일본	えいがかん	7142	0	メロエッタ　プレゼント	メロエッタ プレゼント.pgf	631	2012-07-14	2012-09-30	local Japanese event Pokémon distributions in Generation V	1	일본
5	팽도리	0	Random	15	프레셔스볼		하이드로펌프/깃털댄스/물놀이/쪼기	물주얼	게임		현장	일본	サーチャー	4282	0	ポッチャマ　プレゼント	ポッチャマ プレゼント.pgf	696	2012-04-28	2012-05-06	local Japanese event Pokémon distributions in Generation V	1	일본
5	이상해씨	0	Random	1	몬스터볼	알	블록/칼등치기/웨더볼/하드플랜트		게임	한국어	인터넷	한국		0	0	포켓몬 도감 완성을 시작해 보자!	포켓몬 도감 완성을 시작해 보자!.pgf	838	2012-11-08	2012-11-11	Wi-Fi Korean event Pokémon distributions in Generation V / local Korean event Pokémon distributions in Generation V	5	한국/일본
5	파이리	0	Random	1	몬스터볼	알	블록/칼등치기/애크러뱃/블라스트번		게임	한국어	인터넷	한국		0	0	포켓몬 도감 완성을 시작해 보자!	포켓몬 도감 완성을 시작해 보자!.pgf	839	2012-11-08	2012-11-11	Wi-Fi Korean event Pokémon distributions in Generation V / local Korean event Pokémon distributions in Generation V	5	한국/일본
5	꼬부기	0	Random	1	몬스터볼	알	블록/칼등치기/날따름/하이드로캐논		게임	한국어	인터넷	한국		0	0	포켓몬 도감 완성을 시작해 보자!	포켓몬 도감 완성을 시작해 보자!.pgf	840	2012-11-08	2012-11-11	Wi-Fi Korean event Pokémon distributions in Generation V / local Korean event Pokémon distributions in Generation V	5	한국/일본
5	팽도리	0	Never	15	프레셔스볼		노래하기/돌림노래/깃털댄스	메트로놈	게임		현장	일본	リサイタル	7202	0	うたうポッチャマ　プレゼント	うたうポッチャマ プレゼント.pgf	701	2012-07-20	2012-08-09	Wi-Fi Japanese event Pokémon distributions in Generation V	1	일본
5	프테라	0	Never	15	프레셔스볼		강철날개/얼음엄니/불꽃엄니/번개엄니	바리비열매	게임		현장	일본	キャンプ	7192	0	カセキのポケモン　プレゼント	カセキのポケモン プレゼント.pgf	702	2012-07-21	2012-07-21	local Japanese event Pokémon distributions in Generation V	1	일본
5	아노딥스	0	Never	15	프레셔스볼		크로스포이즌/단단해지기/흙놀이/물대포	루미열매	게임		현장	일본	キャンプ	7192	0	カセキのポケモン　プレゼント	カセキのポケモン プレゼント.pgf	703	2012-07-21	2012-07-21	local Japanese event Pokémon distributions in Generation V	1	일본
5	아켄	0	Never	15	프레셔스볼		양날박치기/날개치기/그림자분신/겁나는얼굴	플카열매	게임		현장	일본	キャンプ	7192	0	カセキのポケモン　プレゼント	カセキのポケモン プレゼント.pgf	704	2012-07-21	2012-07-21	local Japanese event Pokémon distributions in Generation V	1	일본
5	두개도스	0	Never	15	프레셔스볼		깨물어부수기/박치기/따라가때리기/돌진	꼬시개열매	게임		현장	일본	キャンプ	7192	0	カセキのポケモン　プレゼント	カセキのポケモン プレゼント.pgf	705	2012-07-21	2012-07-21	local Japanese event Pokémon distributions in Generation V	1	일본
5	투구	0	Never	15	프레셔스볼		이상한빛/구멍파기/할퀴기/단단해지기	로플열매	게임		현장	일본	キャンプ	7192	0	カセキのポケモン　プレゼント	カセキのポケモン プレゼント.pgf	706	2012-07-21	2012-07-21	local Japanese event Pokémon distributions in Generation V	1	일본
5	릴링	0	Never	15	프레셔스볼		HP회복/스톤샤워/휘감기/용해액	리체열매	게임		현장	일본	キャンプ	7192	0	カセキのポケモン　プレゼント	カセキのポケモン プレゼント.pgf	707	2012-07-21	2012-07-21	local Japanese event Pokémon distributions in Generation V	1	일본
5	암나이트	0	Never	15	프레셔스볼		거품광선/초음파/껍질에숨기/물기	린드열매	게임		현장	일본	キャンプ	7192	0	カセキのポケモン　プレゼント	カセキのポケモン プレゼント.pgf	708	2012-07-21	2012-07-21	local Japanese event Pokémon distributions in Generation V	1	일본
5	방패톱스	0	Never	15	프레셔스볼		누르기/돌진/금속음/방어	슈캐열매	게임		현장	일본	キャンプ	7192	0	カセキのポケモン　プレゼント	カセキのポケモン プレゼント.pgf	709	2012-07-21	2012-07-21	local Japanese event Pokémon distributions in Generation V	1	일본
5	프로토가	0	Never	15	프레셔스볼		누르기/아쿠아제트/물기/방어	초나열매	게임		현장	일본	キャンプ	7192	0	カセキのポケモン　プレゼント	カセキのポケモン プレゼント.pgf	710	2012-07-21	2012-07-21	local Japanese event Pokémon distributions in Generation V	1	일본
5	게노세크트	0	Never	50	프레셔스볼		테크노버스터/마그넷봄/솔라빔/시그널빔		게임	한국어	현장	한국	플라스마단	1193	0	환상의 포켓몬 게노세크트 선물	환상의 포켓몬 게노세크트 선물.pgf	842	2013-01-19	2013-02-11	local Korean event Pokémon distributions in Generation V	3	한국/일본
5	나인테일	0	Never	50	프레셔스볼		열풍/솔라빔/사이코쇼크/도깨비불	유루열매	게임		현장	일본	PC	5072	0	きょうりょくタッグ　プレゼント	きょうりょくタッグ プレゼント.pgf	712	2012-05-07	2012-05-31	local Japanese event Pokémon distributions in Generation V	1	일본
5	샹델라	0	Never	50	프레셔스볼		열풍/섀도볼/에너지볼/사이코키네시스	복슝열매	게임		현장	일본	PC	5072	0	きょうりょくタッグ　プレゼント	きょうりょくタッグ プレゼント.pgf	713	2012-05-07	2012-05-31	local Japanese event Pokémon distributions in Generation V	1	일본
5	엘풍	0	Never	50	프레셔스볼		뽐내기/기가드레인/집단구타/도우미	버치열매	게임		현장	일본	PC	6012	0	きょうりょくタッグ　プレゼント	きょうりょくタッグ プレゼント.pgf	714	2012-06-01	2012-06-22	local Japanese event Pokémon distributions in Generation V	1	일본
5	루카리오	0	Never	50	프레셔스볼		불릿펀치/인파이트/스톤에지/섀도클로	시몬열매	게임		현장	일본	PC	6012	0	きょうりょくタッグ　プレゼント	きょうりょくタッグ プレゼント.pgf	715	2012-06-01	2012-06-22	local Japanese event Pokémon distributions in Generation V	1	일본
5	망나뇽	0	Never	100	프레셔스볼		신속/불꽃펀치/용의춤/역린	리샘열매	게임	한국어		한국	SETEC	2243	0	레벨 100! 최강 클래스 포켓몬 선물!	레벨 100! 최강 클래스 포켓몬 선물!.pgf	879	2013-02-24	2013-02-24	WCS 2013 한국 대표 선발전 (SETEC) 1차	12	한국/일본
5	한카리아스	0	Never	100	프레셔스볼		역린/지진/칼춤/스톤에지	반짝가루	게임	한국어		한국	SETEC	2243	0	레벨 100! 최강 클래스 포켓몬 선물!	레벨 100! 최강 클래스 포켓몬 선물!.pgf	880	2013-02-24	2013-02-24	WCS 2013 한국 대표 선발전 (SETEC) 1차	12	한국/일본
5	메타그로스	0	Never	100	프레셔스볼		불릿펀치/사념의박치기/암해머/냉동펀치	구애머리띠	게임	한국어		한국	SETEC	2243	0	레벨 100! 최강 클래스 포켓몬 선물!	레벨 100! 최강 클래스 포켓몬 선물!.pgf	881	2013-02-24	2013-02-24	WCS 2013 한국 대표 선발전 (SETEC) 1차	12	한국/일본
5	핫삼	0	Never	100	프레셔스볼		불릿펀치/벌레먹기/날개쉬기/칼춤	생명의구슬	게임	한국어		한국	SETEC	2243	0	레벨 100! 최강 클래스 포켓몬 선물!	레벨 100! 최강 클래스 포켓몬 선물!.pgf	882	2013-02-24	2013-02-24	WCS 2013 한국 대표 선발전 (SETEC) 1차	12	한국/일본
5	마기라스	0	Never	100	프레셔스볼		불대문자/냉동빔/스톤에지/깨물어부수기	기합의띠	게임	한국어		한국	SETEC	2243	0	레벨 100! 최강 클래스 포켓몬 선물!	레벨 100! 최강 클래스 포켓몬 선물!.pgf	883	2013-02-24	2013-02-24	WCS 2013 한국 대표 선발전 (SETEC) 1차	12	한국/일본
5	그란돈	0	Never	100	프레셔스볼		분화/암해머/대지의힘/솔라빔	불꽃주얼	게임		현장	일본	ルビー	11212	0	グラードンプレゼント	グラードンプレゼント.pgf	751	2012-11-21	2013-01-10	local Japanese event Pokémon distributions in Generation V	1	일본
5	가이오가	0	Never	100	프레셔스볼		해수스파우팅/번개/냉동빔/절대영도	물주얼	게임		현장	일본	サファイア	11212	0	カイオーガプレゼント	カイオーガプレゼント.pgf	752	2012-11-21	2013-01-10	local Japanese event Pokémon distributions in Generation V	1	일본
5	다부니	0	Never	30	프레셔스볼		치유파동/도우미/리프레시/프레젠트	이상한사탕	게임		현장	일본	オーサカ	11042	0	おたんじょうび　おめでとう！！	おたんじょうび おめでとう！！.pgf	754	2012-11-04	2013-10-11	Pokémon Center Birthday	7	일본
5	비크티니	0	Never	100	프레셔스볼		V제너레이트/푸른불꽃/뇌격/얼어붙은세계	평온의방울	게임		현장	일본	トウホク	11252	0	しょうりのビクティニ　プレゼント	しょうりのビクティニ プレゼント.pgf	761	2012-11-25	2013-01-06	local Japanese event Pokémon distributions in Generation V	1	일본
5	잉어킹	0	Always	99	프레셔스볼		하이드로펌프/뛰어오르기/튀어오르기	이상한사탕	게임		현장	일본	ナゴヤ	3203	0	きんのコイキング　プレゼント！	きんのコイキング プレゼント！.pgf	765	2013-03-20	2013-05-06	local Japanese event Pokémon distributions in Generation V	1	일본
5	게노세크트	0	Always	100	프레셔스볼		신속/테크노버스터/블레이즈킥/기어체인지	구애스카프	게임	한국어	현장	한국	영화관	1014	0	붉은 게노세크트 선물!	붉은 게노세크트 선물!.pgf	915	2014-01-09	2014-01-15	local Korean event Pokémon distributions in Generation V	2	한국/일본
5	지라치	0	Never	50	프레셔스볼		치유소원/사이코키네시스/스피드스타/코멧펀치	미클열매	게임		현장	일본	デコロラ	7013	0	ジラーチ　プレゼント	ジラーチ プレゼント.pgf	768	2013-07-01	2013-07-31	Wi-Fi Japanese event Pokémon distributions in Generation V	1	일본
5	이브이	0	Never	50	프레셔스볼		노래하기/은혜갚기/에코보이스/헤롱헤롱	실크스카프	게임		현장	일본	キヨ	37379	0	うたうイーブイ　プレゼント	うたうイーブイ プレゼント.pgf	769	2013-07-13	2013-07-13	local Japanese event Pokémon distributions in Generation V	2	일본
5	엠페르트	0	Never	100	프레셔스볼		하이드로펌프/냉동빔/아쿠아제트/풀묶기	풍선	게임		현장	일본	ＰＣＳ	5153	0	ポケモンセンター15しゅうねんきねん	ポケモンセンター15しゅうねんきねん.pgf	770	2013-05-15	2013-05-21	local Japanese event Pokémon distributions in Generation V	2	일본
5	샤로다	0	Never	100	프레셔스볼		리프스톰/대타출동/기가드레인/씨뿌리기	먹다남은음식	게임		현장	일본	ＰＣＴＨ	5223	0	ポケモンセンター15しゅうねんきねん	ポケモンセンター15しゅうねんきねん.pgf	771	2013-05-22	2013-05-28	local Japanese event Pokémon distributions in Generation V	2	일본
5	피카츄	0	Never	100	프레셔스볼		볼트태클/전광석화/페인트/볼트체인지	전기구슬	게임		현장	일본	ＰＣＴ	5293	0	ポケモンセンター15しゅうねんきねん	ポケモンセンター15しゅうねんきねん.pgf	772	2013-05-29	2013-06-04	local Japanese event Pokémon distributions in Generation V	2	일본
5	토대부기	0	Never	100	프레셔스볼		우드해머/지진/역린/스톤에지	구애머리띠	게임		현장	일본	ＰＣＹ	6053	0	ポケモンセンター15しゅうねんきねん	ポケモンセンター15しゅうねんきねん.pgf	773	2013-06-05	2013-06-11	local Japanese event Pokémon distributions in Generation V	2	일본
5	초염몽	0	Never	100	프레셔스볼		불대문자/인파이트/유턴/풀묶기	기합의띠	게임		현장	일본	ＰＣＮ	6123	0	ポケモンセンター15しゅうねんきねん	ポケモンセンター15しゅうねんきねん.pgf	774	2013-06-12	2013-06-18	local Japanese event Pokémon distributions in Generation V	2	일본
5	염무왕	0	Never	100	프레셔스볼		플레어드라이브/암해머/와일드볼트/양날박치기	구애스카프	게임		현장	일본	ＰＣＯ	6193	0	ポケモンセンター15しゅうねんきねん	ポケモンセンター15しゅうねんきねん.pgf	775	2013-06-19	2013-06-25	local Japanese event Pokémon distributions in Generation V	2	일본
5	대검귀	0	Never	100	프레셔스볼		하이드로펌프/냉동빔/메가혼/엄청난힘	달인의띠	게임		현장	일본	ＰＣＦ	6263	0	ポケモンセンター15しゅうねんきねん	ポケモンセンター15しゅうねんきねん.pgf	776	2013-06-26	2013-07-02	local Japanese event Pokémon distributions in Generation V	2	일본
5	지라치	0	Never	50	프레셔스볼		용성군/코멧펀치/희망사항/날따름	스타열매	게임		현장	일본	たなばた	8013	0	たなばたジラーチ　プレゼント	たなばたジラーチ プレゼント.pgf	785	2013-08-01	2013-08-31	local Japanese event Pokémon distributions in Generation V	1	일본
5	액스라이즈	0	Never	59	프레셔스볼		지진/더블촙/시저크로스/용의춤	기합의띠	게임		현장	일본	アイリス	6232	0	アイリスのオノノクス　プレゼント	アイリスのオノノクス プレゼント.pgf	787	2013-08-17	2013-08-18	local Japanese event Pokémon distributions in Generation V	2	일본
5	불카모스	0	Never	77	프레셔스볼		벌레의야단법석/오버히트/파괴광선/나비춤		게임		현장	일본	アデク	9180	0	アデクのウルガモス　プレゼント	アデクのウルガモス プレゼント.pgf	788	2013-08-17	2013-08-18	local Japanese event Pokémon distributions in Generation V	2	일본
5	피죤투	0	Never	61	프레셔스볼		날려버리기/날개치기/불새/따라하기		게임		현장	일본	グリーン	2276	0	グリーンのピジョット　プレゼント	グリーンのピジョット プレゼント.pgf	789	2013-08-17	2013-08-18	local Japanese event Pokémon distributions in Generation V	2	일본
5	화강돌	0	Never	61	프레셔스볼		악의파동/사이코키네시스/은빛바람/금제		게임		현장	일본	シロナ	9286	0	シロナのミカルゲ　プレゼント	シロナのミカルゲ プレゼント.pgf	790	2013-08-17	2013-08-18	local Japanese event Pokémon distributions in Generation V	2	일본
5	메타그로스	0	Never	58	프레셔스볼		지진/파괴광선/사이코키네시스/코멧펀치	자뭉열매	게임		현장	일본	ダイゴ	11212	0	ダイゴのメタグロス　プレゼント	ダイゴのメタグロス プレゼント.pgf	791	2013-08-17	2013-08-18	local Japanese event Pokémon distributions in Generation V	2	일본
5	밀로틱	0	Never	58	프레셔스볼		HP회복/파도타기/냉동빔/맹독	자뭉열매	게임		현장	일본	ミクリ	9164	0	ミクリのミロカロス　プレゼント	ミクリのミロカロス プレゼント.pgf	792	2013-08-17	2013-08-18	local Japanese event Pokémon distributions in Generation V	2	일본
5	망나뇽	0	Never	50	프레셔스볼		불대문자/신비의부적/역린/파괴광선		게임		현장	일본	ワタル	11219	0	ワタルのカイリュー　プレゼント	ワタルのカイリュー プレゼント.pgf	793	2013-08-17	2013-08-18	local Japanese event Pokémon distributions in Generation V	2	일본
5	터검니	0	Never	30	프레셔스볼		용의분노/할퀴기/역린/기가임팩트		게임		현장	일본	アイリス	8103	0	「みんなのベストフレンズ」　プレゼント	「みんなのベストフレンズ」 プレゼント.pgf	801	2013-08-10	2013-09-06	local Japanese event Pokémon distributions in Generation V	4	일본
5	로토무	0	Never	10	프레셔스볼		소란피기/놀래키기/트릭/전기쇼크		게임		현장	일본	オーキド	8103	0	「みんなのベストフレンズ」　プレゼント	「みんなのベストフレンズ」 プレゼント.pgf	802	2013-08-10	2013-09-06	local Japanese event Pokémon distributions in Generation V	4	일본
5	피카츄	0	Never	50	프레셔스볼		10만볼트/전광석화/아이언테일/일렉트릭볼		게임		현장	일본	サトシ	8103	0	「みんなのベストフレンズ」　プレゼント	「みんなのベストフレンズ」 プレゼント.pgf	803	2013-08-10	2013-09-06	local Japanese event Pokémon distributions in Generation V	4	일본
5	야나프	0	Never	30	프레셔스볼		씨기관총/솔라빔/암석봉인/구멍파기		게임		현장	일본	デント	8103	0	「みんなのベストフレンズ」　プレゼント	「みんなのベストフレンズ」 プレゼント.pgf	804	2013-08-10	2013-09-06	local Japanese event Pokémon distributions in Generation V	4	일본
5	깜까미	0	Never	50	프레셔스볼		속임수/대포무노포/간지르기/트릭	검은오물	게임		현장	일본	しょちょう	9153	0	しょちょうのヤミラミ　プレゼント	しょちょうのヤミラミ プレゼント.pgf	817	2013-09-15	2013-09-28	local Japanese event Pokémon distributions in Generation V	1	일본
5	왕구리	0	Never	50	프레셔스볼		열탕/냉동빔/멸망의노래/방어	자뭉열매	게임		현장	일본	ヤマモト	9293	0	やまもとたいいんの　ニョロトノ	やまもとたいいんの ニョロトノ.pgf	818	2013-09-29	2013-10-06	local Japanese event Pokémon distributions in Generation V	1	일본
5	킹드라	0	Never	50	프레셔스볼		용성군/탁류/용의파동/방어	생명의구슬	게임		현장	일본	ヤマモト	9293	0	やまもとたいいんの　キングドラ	やまもとたいいんの キングドラ.pgf	819	2013-09-29	2013-10-06	local Japanese event Pokémon distributions in Generation V	1	일본
5	케르디오	0	Never	15	프레셔스볼		아쿠아제트/째려보기/두번차기/거품광선	포인트맥스	게임	한국어	현장	한국	성검사	12192	0	케르디오 선물	케르디오 선물.pgf	834	2012-12-11	2012-12-11	local Korean event Pokémon distributions in Generation V	1	한국
5	메로엣타	0	Never	15	프레셔스볼		돌림노래/전광석화/염동력	포인트맥스	게임	한국어	현장	한국	영화관	12192	0	메로엣타 선물	메로엣타 선물.pgf	835	2012-12-19	2013-02-28	local Korean event Pokémon distributions in Generation V	1	한국
5	불카모스	0	Always	100	프레셔스볼		나비춤/벌레의야단법석/불꽃춤/아침햇살	기합의띠	게임	한국어	현장	한국	선발전12	6092	0	색이 다른 불카모스	색이 다른 불카모스.pgf	837	2012-06-09	2012-06-10	local Korean event Pokémon distributions in Generation V	1	한국
5	팽도리	0	Never	15	프레셔스볼		노래하기/돌림노래/깃털댄스/쪼기	메트로놈	게임	한국어	현장	한국	음악회	12152	0	노래하는 팽도리를 선물 받자!	노래하는 팽도리를 선물 받자!.pgf	841	2012-12-22	2012-12-25	local Korean event Pokémon distributions in Generation V	1	한국
5	아공이	0	Always	1	몬스터볼		분노		게임	한국어	인터넷	한국	용의해	8232	0	드래곤타입 포켓몬 완전정복 대작전!	드래곤타입 포켓몬 완전정복 대작전!.pgf	843	2012-08-23	2012-08-29	Wi-Fi Korean event Pokémon distributions in Generation V	6	한국
5	모노두	0	Always	1	몬스터볼		몸통박치기/용의분노		게임	한국어	인터넷	한국	용의해	8232	0	드래곤타입 포켓몬 완전정복 대작전!	드래곤타입 포켓몬 완전정복 대작전!.pgf	844	2012-08-23	2012-08-29	Wi-Fi Korean event Pokémon distributions in Generation V	6	한국
5	크리만	0	Always	1	몬스터볼		째려보기/할퀴기		게임	한국어	인터넷	한국	용의해	8232	0	드래곤타입 포켓몬 완전정복 대작전!	드래곤타입 포켓몬 완전정복 대작전!.pgf	845	2012-08-23	2012-08-29	Wi-Fi Korean event Pokémon distributions in Generation V	6	한국
5	쏘드라	0	Always	1	몬스터볼		거품		게임	한국어	인터넷	한국	용의해	8232	0	드래곤타입 포켓몬 완전정복 대작전!	드래곤타입 포켓몬 완전정복 대작전!.pgf	846	2012-08-23	2012-08-29	Wi-Fi Korean event Pokémon distributions in Generation V	6	한국
5	파비코	0	Always	1	몬스터볼		쪼기/울음소리		게임	한국어	인터넷	한국	용의해	8232	0	드래곤타입 포켓몬 완전정복 대작전!	드래곤타입 포켓몬 완전정복 대작전!.pgf	847	2012-08-23	2012-08-29	Wi-Fi Korean event Pokémon distributions in Generation V	6	한국
5	톱치	0	Always	1	몬스터볼		물기		게임	한국어	인터넷	한국	용의해	8232	0	드래곤타입 포켓몬 완전정복 대작전!	드래곤타입 포켓몬 완전정복 대작전!.pgf	848	2012-08-23	2012-08-29	Wi-Fi Korean event Pokémon distributions in Generation V	6	한국
5	지라치	0	Never	50	프레셔스볼		희망사항/치유소원/코스믹파워/코멧펀치	혜성조각	게임	한국어	현장	한국	캐릭터페어	7173	0	캐릭터페어 지라치 선물	캐릭터페어 지라치 선물.pgf	919	2013-07-17	2013-07-21	local Korean event Pokémon distributions in Generation V	1	한국
5	지라치	0	Never	50	프레셔스볼		희망사항/치유소원/스피드스타/은혜갚기	미클열매	게임	한국어	인터넷	한국	칠석	8013	0	칠월칠석 지라치 선물	칠월칠석 지라치 선물.pgf	920	2013-08-01	2013-08-31	Wi-Fi Korean event Pokémon distributions in Generation V	1	한국
5	카포에라	0	Never	55	몬스터볼		속이기/인파이트/기습/도우미	격투주얼	게임	한국어	현장	한국	권도훈	8173	0	2013년 주니어 한국 챔피언의 카포에라	2013년 주니어 한국 챔피언의 카포에라.pgf	921	2013-08-17	2013-08-18	local Korean event Pokémon distributions in Generation V	1	한국
5	크레세리아	0	Never	68	몬스터볼		냉동빔/사이코쇼크/에너지볼/잠재파워	달인의띠	게임	한국어	현장	한국	사승헌	8243	0	2013년 시니어 한국 챔피언의 크레세리아	2013년 시니어 한국 챔피언의 크레세리아.pgf	922	2013-08-24	2013-08-25	local Korean event Pokémon distributions in Generation V	1	한국
5	레파르다스	0	Never	20	몬스터볼		속이기/속임수/앙코르/뽐내기	악주얼	게임	한국어	현장	한국	박세준	8313	0	2013년 마스터 한국 챔피언의 레파르다스	2013년 마스터 한국 챔피언의 레파르다스.pgf	923	2013-08-31	2013-09-01	local Korean event Pokémon distributions in Generation V	1	한국
6	한카리아스	0	Never	48	프레셔스볼		용성군/드래곤클로/구멍파기/깨물어부수기	용의이빨	게임		시리얼	일본	コロコロ	11153	2	ガブリアス　プレゼント	ガブリアス プレゼント.wc6	1141	2013-11-15	2014-08-29	Japanese region serial code event Pokémon distributions in Generation VI	3	일본/기타지역
6	님피아	0	Never	10	프레셔스볼		차밍보이스/초롱초롱눈동자/전광석화/드레인키스	약점보험	게임	한국어	현장	한국	이브이하우스	12013	1001	님피아 선물	님피아 선물.wc6	1264	2014-01-09	2014-01-15	local event Pokémon distributions in Generation VI	2	한국/기타지역
6	팬텀	0	Always	25	다크볼		섀도볼/오물웨이브/이상한빛/놀래키기	팬텀나이트	게임		시리얼	일본	XY	10244	49	A special shiny Gengar!	A special shiny Gengar!.wc6	949	2014-10-24	2014-10-31	Japanese region serial code event Pokémon distributions in Generation VI	2	일본
6	피카츄	0	Never	10	프레셔스볼		친해지기/애교부리기/볼부비부비/천사의키스	하트스위트	게임		시리얼	일본	Satay King	8095	109	Pokémon x Satay King's Pikachu	Pokémon x Satay King's Pikachu.wc6	950	2015-08-09	2015-09-27	Japanese region serial code event Pokémon distributions in Generation VI	3	일본
6	초염몽	0	Never	88	프레셔스볼		불대문자/인파이트/불꽃펀치/힘껏펀치	금구슬	게임		시리얼	일본	Jade	1286	159	Year of Monkey Present "Infernape"	Year of Monkey Present "Infernape".wc6	951	2016-01-28	2016-02-04	Japanese region serial code event Pokémon distributions in Generation VI / PAL region serial code event Pokémon distributions in Generation VI	1	일본
6	뮤츠	0	Always	100	프레셔스볼		사이코브레이크/사이코키네시스/HP회복/파동탄	뮤츠나이트Y	게임	한국어	현장	한국	WCSK16	5056	1068	색이 다른 뮤츠 선물	색이 다른 뮤츠 선물.wc6	1276	2016-05-05	2016-05-08	local event Pokémon distributions in Generation VI	8	한국/일본/미국/유럽
6	뮤	0	Never	5	프레셔스볼		막치기		게임	한국어	현장	한국	게임프리크	22796	1058	환상의 포켓몬 뮤	환상의 포켓몬 뮤.wc6	1706	2016-02-27	2016-02-28	local event Pokémon distributions in Generation VI	3	한국/일본
6	볼케니온	0	Never	70	프레셔스볼		스팀버스트/오버히트/하이드로펌프/흰안개	분노의호두과자	게임	한국어	시리얼	한국	네벨	12226	1078	환상의 포켓몬 볼케니온 선물	환상의 포켓몬 볼케니온 선물.wc6	1285	2016-12-22	2017-02-28	Korean region serial code event Pokémon distributions in Generation VI	3	한국/일본
6	맘모꾸리	0	Always	50	몬스터볼		고드름침/지진/고드름떨구기/스톤샤워	구애스카프	게임	한국어	현장	미국	Arash	5034	510	Make Your Way to Victory!	Make Your Way to Victory!.wc6	956	2014-07-05	2014-07-06	local event Pokémon distributions in Generation VI	3	미국
6	킬가르도	0	Never	50	프레셔스볼		와이드가드/킹실드/섀도볼/러스터캐논	약점보험	게임	한국어	현장	미국	WORLD14	8164	512	Battle in Washington, DC!	Battle in Washington, DC!.wc6	957	2014-08-16	2014-08-17	local event Pokémon distributions in Generation VI	1	미국
6	디안시	0	Never	50	프레셔스볼		다이아스톰/문포스/리플렉터/은혜갚기	노말주얼	게임	한국어	시리얼	한국	영화관	1155	1018	환상의 포켓몬 디안시 선물	환상의 포켓몬 디안시 선물.wc6	1682	2015-01-06	2015-03-31	Korean region serial code event Pokémon distributions in Generation VI	15	한국/일본/미국/유럽/미상
6	파치리스	0	Never	50	프레셔스볼		볼부비부비/날따름/분노의앞니/방어	자뭉열매	게임	한국어	현장	한국	박세준	5165	535	World Champions can be any size!	World Champions can be any size!.wc6	959	2015-07-03	2015-07-05	local event Pokémon distributions in Generation VI	3	한국
6	망나뇽	0	Never	55	프레셔스볼		용의춤/역린/폭풍/신속	리샘열매	게임		시리얼	미국	JUN2015	6225	538	A battle-ready Dragonite!	A battle-ready Dragonite!.wc6	960	2015-06-22	2015-07-12	Gamestop Distribution - Roaring Skies Celebration	1	미국
6	샤크니아	0	Never	50	프레셔스볼		아쿠아제트/깨물어부수기/얼음엄니/길동무	샤크니아나이트	게임	한국어	현장	미국	WORLD15	8215	539	Battle in Boston!	Battle in Boston!.wc6	961	2015-08-21	2015-08-23	local event Pokémon distributions in Generation VI	1	미국
6	레쿠쟈	0	Always	70	프레셔스볼		화룡점정/드래곤클로/신속/용의춤	용의이빨	게임		인터넷	미국	Galileo	8055	547	Shiny Rayquaza with Dragon Ascent!	Shiny Rayquaza with Dragon Ascent!.wc6	962	2015-08-12	2015-09-14	American region Nintendo Network event Pokémon distributions in Generation VI / PAL region serial code event Pokémon distributions in Generation VI	5	미국/유럽
6	깜까미	0	Never	50	프레셔스볼		명상/도깨비불/HP회복/섀도볼	깜까미나이트	게임		시리얼	유럽	Shigeshige	8055	551	It's Sableye!	It's Sableye!.wc6	963	2015-08-05	2015-08-09	PAL region serial code event Pokémon distributions in Generation VI	5	유럽
6	프레프티르	0	Never	50	프레셔스볼		트릭룸/치유파동/사슬묶기/문포스	바리비열매	게임		시리얼	유럽	Shigeshige	8055	551	It's Aromatisse!	It's Aromatisse!.wc6	964	2015-08-05	2015-08-09	PAL region serial code event Pokémon distributions in Generation VI	5	유럽
6	버프론	0	Never	50	프레셔스볼		아프로브레이크/객기/지진/스톤샤워	구애머리띠	게임		시리얼	유럽	Shigeshige	8055	552	It's Bouffalant!	It's Bouffalant!.wc6	965	2015-08-05	2015-08-09	PAL region serial code event Pokémon distributions in Generation VI	5	유럽
6	칼라마네로	0	Never	50	프레셔스볼		엄청난힘/탁쳐서떨구기/객기/스톤샤워	돌격조끼	게임		시리얼	유럽	Shigeshige	8055	552	It's Malamar!	It's Malamar!.wc6	966	2015-08-05	2015-08-09	PAL region serial code event Pokémon distributions in Generation VI	5	유럽
6	후파	0	Never	50	프레셔스볼		이차원홀/사이코키네시스/놀래키기/나쁜음모	기합의띠	게임	한국어	시리얼	한국	영화관	12235	1054	후파 선물	후파 선물.wc6	1703	2015-12-23	2016-02-29	Korean region serial code event Pokémon distributions in Generation VI	12	한국/일본/미국/유럽
6	조로아크	0	Never	50	하이퍼볼		오물폭탄/악의파동/화염방사/기습		게임		인터넷	미국	Sly	11045	556	It's a Zoroark full of tricks!	It's a Zoroark full of tricks!.wc6	969	2015-11-04	2015-11-20	American region Nintendo Network event Pokémon distributions in Generation VI	8	미국/유럽
6	뮤	0	Never	100	프레셔스볼		막치기		게임		시리얼	미국	GF	2016	557	Mew, le Pokémon fabuleux	Mew, le Pokémon fabuleux.wc6	1021	2016-02-01	2016-02-24	Pokémon 20th Anniversary - Gamestop / EBGames Event / Pokémon 20th Anniversary GAME UK (01/02 - 28/02) Gamestop DE (04/02 - 24/02) Gamestop IT (01/02 - 24/02) Gamemania BE/NL (01/02 - 24/02) BR DK/SE/NO/FI (22/02-30/04) Second chance code - MEW2016 / Pokémon 20th Anniversary - EB Games	5	미국/유럽
6	세레비	0	Never	100	프레셔스볼		염동력/HP회복/치료방울/신비의부적		게임		인터넷	미국	GF	3016	558	The Mythical Pokémon Celebi	The Mythical Pokémon Celebi.wc6	972	2016-03-01	2016-03-24	American region Nintendo Network event Pokémon distributions in Generation VI	5	미국
6	지라치	0	Never	100	프레셔스볼		희망사항/염동력/잠자기	캄라열매	게임		인터넷	미국	GF	4016	559	The Mythical Pokémon Jirachi	The Mythical Pokémon Jirachi.wc6	973	2016-04-01	2016-04-24	American region Nintendo Network event Pokémon distributions in Generation VI	5	미국
6	다크라이	0	Never	100	프레셔스볼		다크홀/괴상한바람/악몽/속여때리기	의문열매	게임		시리얼	미국	GF	5016	560	Darkrai, le Pokémon fabuleux	Darkrai, le Pokémon fabuleux.wc6	1024	2016-05-01	2016-05-24	Pokémon 20th Anniversary - Gamestop Event Second chance event. Code: DARKRAI20 / Pokémon 20th Anniversary United Kingdom - GAME Australia & New Zealand - EBGames Spain - GAME Germany - Gamestop France - Micromania  (02/05 - 15/05) Italy - Micromania Belgium - FNAC or GameMania Netherlands - GameMania Sweden, Norway & Denmark - BR Stores (12/05 - 31/07) / Pokémon 20th Anniversary	5	미국/유럽
6	마나피	0	Never	100	프레셔스볼		반딧불/거품/물놀이	왕의징표석	게임		인터넷	미국	GF	6016	561	The Mythical Pokémon Manaphy	The Mythical Pokémon Manaphy.wc6	975	2016-06-01	2016-06-24	American region Nintendo Network event Pokémon distributions in Generation VI	5	미국
6	쉐이미	0	Never	100	프레셔스볼		시드플레어/아로마테라피/대타출동/에너지볼	미클열매	게임		인터넷	미국	GF	7016	562	The Mythical Pokémon Shaymin	The Mythical Pokémon Shaymin.wc6	976	2016-07-01	2016-07-24	American region Nintendo Network event Pokémon distributions in Generation VI	5	미국
6	아르세우스	0	Never	100	프레셔스볼		심판의뭉치/HP회복/파괴광선/멸망의노래		게임		시리얼	미국	GF	8016	563	Arceus, le Pokémon fabuleux	Arceus, le Pokémon fabuleux.wc6	1027	2016-08-01	2016-08-24	Pokémon 20th Anniversary - Gamestop Event / Pokémon 20th Anniversary	5	미국/유럽
6	비크티니	0	Never	100	프레셔스볼		불태우기/전광석화/버티기/염동력		게임		인터넷	미국	GF	9016	564	The Mythical Pokémon Victini	The Mythical Pokémon Victini.wc6	978	2016-09-01	2016-09-24	American region Nintendo Network event Pokémon distributions in Generation VI	5	미국
6	케르디오	0	Never	100	프레셔스볼		아쿠아제트/째려보기/두번차기/거품광선	포인트맥스	게임		인터넷	미국	GF	10016	565	The Mythical Pokémon Keldeo	The Mythical Pokémon Keldeo.wc6	979	2016-10-01	2016-10-24	American region Nintendo Network event Pokémon distributions in Generation VI	5	미국
6	게노세크트	0	Never	100	프레셔스볼		테크노버스터/마그넷봄/솔라빔/시그널빔		게임		시리얼	미국	GF	11016	566	Genesect, le Pokémon fabuleux	Genesect, le Pokémon fabuleux.wc6	1030	2016-11-01	2017-02-28	Pokémon 20th Anniversary - Gamestop Event  Second Chance Code: GENESECT2016 / Pokémon 20th Anniversary  Second Chance Code: GENESECT2016	8	미국/유럽
6	메로엣타	0	Never	100	프레셔스볼		전광석화/염동력/돌림노래	포인트맥스	게임		인터넷	미국	GF	12016	567	The Mythical Pokémon Meloetta	The Mythical Pokémon Meloetta.wc6	982	2016-12-01	2016-12-24	American region Nintendo Network event Pokémon distributions in Generation VI	5	미국
6	프리져	0	Never	70	프레셔스볼		프리즈드라이/냉동빔/싸라기눈/리플렉터		게임	한국어	시리얼	한국	포켓몬영화	4296	1065	프리져 선물	프리져 선물.wc6	1273	2016-05-02	2016-07-31	Korean region serial code event Pokémon distributions in Generation VI	10	한국/일본/미국/유럽
6	썬더	0	Never	70	프레셔스볼		방전/전기쇼크/비바라기/고속이동		게임	한국어	시리얼	한국	포켓몬영화	4296	1066	썬더 선물	썬더 선물.wc6	1274	2016-05-02	2016-07-31	Korean region serial code event Pokémon distributions in Generation VI	10	한국/일본/미국/유럽
6	파이어	0	Never	70	프레셔스볼		불새/열풍/쾌청/신비의부적		게임	한국어	시리얼	한국	포켓몬영화	4296	1067	파이어 선물	파이어 선물.wc6	1275	2016-05-02	2016-07-31	Korean region serial code event Pokémon distributions in Generation VI	10	한국/일본/미국/유럽
6	나옹	0	Never	20	프레셔스볼		해피타임/싫은소리/물기/속이기		게임		시리얼	유럽	Happy	8196	574	Wow! It's a Meowth!	Wow! It's a Meowth!.wc6	989	2016-08-20	2017-02-28	PAL region serial code event Pokémon distributions in Generation VI	5	유럽
6	제르네아스	0	Always	100	프레셔스볼		지오컨트롤/문포스/아로마테라피/기합구슬		게임	한국어	시리얼	한국	XY&Z	3226	1060	제르네아스 선물	제르네아스 선물.wc6	1269	2016-03-22	2016-06-30	Korean region serial code event Pokémon distributions in Generation VI	10	한국/일본/미국/유럽
6	이벨타르	0	Always	100	프레셔스볼		데스윙/기습/악의파동/속임수		게임	한국어	시리얼	한국	XY&Z	4206	1061	이벨타르 선물	이벨타르 선물.wc6	1270	2016-04-20	2016-06-30	Korean region serial code event Pokémon distributions in Generation VI	10	한국/일본/미국/유럽
6	지가르데	0	Never	100	프레셔스볼		그라운드포스/신속/뱀눈초리/역린		게임	한국어	시리얼	한국	XY&Z	3196	1062	지가르데 선물	지가르데 선물.wc6	1271	2016-04-20	2016-06-30	Korean region serial code event Pokémon distributions in Generation VI / local event Pokémon distributions in Generation VI	11	한국/일본/미국/유럽
6	괴력몬	0	Always	50	프레셔스볼		폭발펀치/스톤에지/와이드가드/탁쳐서떨구기	자뭉열매	2		현장	미국	ScreenPeekaz	5146	580	Let Shiny Machamp give you a lift	Let Shiny Machamp give you a lift.wc6	996	2016-07-02	2016-07-03	local event Pokémon distributions in Generation VI	3	영어/미국
6	볼케니온	0	Never	70	프레셔스볼		스팀버스트/화염방사/하이드로펌프/대폭발	돌격조끼	게임		시리얼	유럽	Helen	10016	588	It's Mythical Volcanion!	It's Mythical Volcanion!.wc6	998	2016-10-10	2016-10-30	PAL region serial code event Pokémon distributions in Generation VI	5	유럽
6	이상해씨	0	Never	5	프레셔스볼		몸통박치기/울음소리/축하	이상해꽃나이트	게임	한국어	현장	미국	WORLDS16	8196	590	Let's get started!	Let's get started!.wc6	999	2016-08-19	2016-08-21	local event Pokémon distributions in Generation VI	1	미국
6	파이리	0	Never	5	프레셔스볼		할퀴기/울음소리/축하	리자몽나이트X	게임	한국어	현장	미국	WORLDS16	8196	591	Let's get started!	Let's get started!.wc6	1000	2016-08-19	2016-08-21	local event Pokémon distributions in Generation VI	1	미국
6	꼬부기	0	Never	5	프레셔스볼		몸통박치기/꼬리흔들기/축하	거북왕나이트	게임	한국어	현장	미국	WORLDS16	8196	592	Let's get started!	Let's get started!.wc6	1001	2016-08-19	2016-08-21	local event Pokémon distributions in Generation VI	1	미국
6	후파	0	Never	50	프레셔스볼		이차원홀/사이코키네시스/놀래키기/나쁜음모	연막탄	게임		시리얼	미국	Alexander	10036	598	Wow! It's a Hoopa!	Wow! It's a Hoopa!.wc6	1002	2016-10-03	2016-10-09	Pokémon Hoopa Distribution. Code: 2016HOOPA	3	미국
6	티고라스	0	Never	10	프레셔스볼		꼬리흔들기/몸통박치기/울부짖기/짓밟기		게임	한국어	시리얼	한국	PGL	1235	1508	숨겨진 특성의 티고라스	숨겨진 특성의 티고라스.wc6	1286	2015-02-17	2015-04-30	Korean region serial code event Pokémon distributions in Generation VI	7	한국/일본/미국/유럽
6	아마루스	0	Never	10	프레셔스볼		울음소리/눈싸라기/전기자석파/돌떨구기		게임	한국어	시리얼	한국	PGL	3205	1509	숨겨진 특성의 아마루스	숨겨진 특성의 아마루스.wc6	1287	2015-03-31	2015-05-31	Korean region serial code event Pokémon distributions in Generation VI	7	한국/일본/미국/유럽
6	피카츄	0	Never	10	프레셔스볼		속이기/앙코르/볼트태클/죽기살기	전기구슬	게임	한국어	시리얼	한국	PGL	8215	1510	배틀하자! 피카츄 대회츄~!	배틀하자! 피카츄 대회츄~!.wc6	1288	2015-09-01	2015-10-29	Korean region serial code event Pokémon distributions in Generation VI	7	한국/일본/미국/유럽
6	딜리버드	0	Never	10	프레셔스볼		프레젠트/해피타임	고대의금화	게임	한국어	시리얼	한국	PGL	12255	1512	크리스마스 트라이 참가기념	크리스마스 트라이 참가기념.wc6	1289	2015-12-25	2016-02-29	Korean region serial code event Pokémon distributions in Generation VI	7	한국/일본/미국/유럽
6	망나뇽	0	Never	62	프레셔스볼		고속이동/힘껏치기/배리어/파괴광선		게임	한국어	시리얼	한국	목호	3046	1513	관동 클래식 참가기념	관동 클래식 참가기념.wc6	1290	2016-03-15	2016-04-27	Korean region serial code event Pokémon distributions in Generation VI	7	한국/일본/미국/유럽
6	밀탱크	0	Never	20	프레셔스볼		구르기/헤롱헤롱/짓밟기/우유마시기		게임	한국어	시리얼	한국	꼭두	5276	1514	성도 오픈 참가기념	성도 오픈 참가기념.wc6	1291	2016-06-07	2016-07-31	Korean region serial code event Pokémon distributions in Generation VI	7	한국/일본/미국/유럽
6	한카리아스	0	Never	66	프레셔스볼		드래곤다이브/지진/깨트리기/기가임팩트	자뭉열매	게임	한국어	시리얼	한국	난천	7226	1515	신오 더비 참가기념	신오 더비 참가기념.wc6	1292	2016-08-02	2016-09-29	Korean region serial code event Pokémon distributions in Generation VI	7	한국/일본/미국/유럽
6	불비달마	0	Never	35	프레셔스볼		난동부리기/배북/플레어드라이브/암해머		게임	한국어	시리얼	한국	N	2	1516	하나 파이널 참가 기념	하나 파이널 참가 기념.wc6	1293	2016-09-06	2016-10-24	Korean region serial code event Pokémon distributions in Generation VI	7	한국/일본/미국/유럽
6	이브이	0	Never	10	프레셔스볼		축하/꼬리흔들기/초롱초롱눈동자/스피드스타		게임	한국어	현장	일본	ポケセン♪	10123	1	おたんじょうび　おめでとう！	おたんじょうび おめでとう！.wc6	1131	2013-10-12	2014-09-30	local event Pokémon distributions in Generation VI	4	일본
6	에브이	0	Never	10	프레셔스볼		축하/꼬리흔들기/모래뿌리기/염동력		게임	한국어	현장	일본	ポケセン♪	10123	1	おたんじょうび　おめでとう！	おたんじょうび おめでとう！.wc6	1132	2013-10-12	2014-09-30	Pokémon Center Birthday Event	4	일본
6	부스터	0	Never	10	프레셔스볼		축하/꼬리흔들기/모래뿌리기/불꽃세례		게임	한국어	현장	일본	ポケセン♪	10123	1	おたんじょうび　おめでとう！	おたんじょうび おめでとう！.wc6	1133	2013-10-12	2014-09-30	Pokémon Center Birthday Event	4	일본
6	글레이시아	0	Never	10	프레셔스볼		축하/꼬리흔들기/모래뿌리기/얼어붙은바람		게임	한국어	현장	일본	ポケセン♪	10123	1	おたんじょうび　おめでとう！	おたんじょうび おめでとう！.wc6	1134	2013-10-12	2014-09-30	Pokémon Center Birthday Event	4	일본
6	쥬피썬더	0	Never	10	프레셔스볼		축하/꼬리흔들기/모래뿌리기/전기쇼크		게임	한국어	현장	일본	ポケセン♪	10123	1	おたんじょうび　おめでとう！	おたんじょうび おめでとう！.wc6	1135	2013-10-12	2014-09-30	Pokémon Center Birthday Event	4	일본
6	리피아	0	Never	10	프레셔스볼		축하/도우미/모래뿌리기/잎날가르기		게임	한국어	현장	일본	ポケセン♪	10123	1	おたんじょうび　おめでとう！	おたんじょうび おめでとう！.wc6	1136	2013-10-12	2014-09-30	Pokémon Center Birthday Event	4	일본
6	피카츄	0	Never	10	프레셔스볼		축하/친해지기/전기쇼크/전광석화		게임	한국어	현장	일본	ポケセン♪	10123	1	おたんじょうび　おめでとう！	おたんじょうび おめでとう！.wc6	1137	2013-10-12	2014-09-30	local event Pokémon distributions in Generation VI	4	일본
6	님피아	0	Never	10	프레셔스볼		축하/도우미/모래뿌리기/요정의바람		게임	한국어	현장	일본	ポケセン♪	10123	1	おたんじょうび　おめでとう！	おたんじょうび おめでとう！.wc6	1138	2013-10-12	2014-09-30	local event Pokémon distributions in Generation VI	4	일본
6	블래키	0	Never	10	프레셔스볼		축하/꼬리흔들기/모래뿌리기/따라가때리기		게임	한국어	현장	일본	ポケセン♪	10123	1	おたんじょうび　おめでとう！	おたんじょうび おめでとう！.wc6	1139	2013-10-12	2014-09-30	Pokémon Center Birthday Event	4	일본
6	샤미드	0	Never	10	프레셔스볼		축하/꼬리흔들기/모래뿌리기/물대포		게임	한국어	현장	일본	ポケセン♪	10123	1	おたんじょうび　おめでとう！	おたんじょうび おめでとう！.wc6	1140	2013-10-12	2014-09-30	Pokémon Center Birthday Event	4	일본
6	오케이징	0	Never	10	프레셔스볼		해피타임/속임수/최면술/뒤집어엎기	배리열매	게임	한국어	현장	일본	ＰＣＴＢ	11223	3	トウキョーベイ　オープンきねん！	トウキョーベイ オープンきねん！.wc6	1142	2013-11-22	2014-01-26	local event Pokémon distributions in Generation VI	1	일본
6	마자용	0	Never	10	프레셔스볼		카운터		게임	한국어	현장	일본	ヌケッタ	12063	4	トレッタから　ぬけだした　ソーナンス	トレッタから ぬけだした ソーナンス.wc6	1143	2013-12-15	2013-12-15	local event Pokémon distributions in Generation VI	1	일본
6	고우스트	0	Never	25	프레셔스볼		사이코키네시스/이상한빛/기습/섀도펀치		8			한국	새해복많이	2014	1003	새해복맞이!	새해복맞이!.wc6	1265	2014-02-08	2014-02-08	traded event Pokémon distributions in Generation VI	2	한국/일본
6	스라크	0	Never	25	프레셔스볼		제비반환/칼등치기/고속이동/연속자르기	금속코트	8			한국	새해복많이	2014	1003	새해복맞이!	새해복맞이!.wc6	1266	2014-02-08	2014-02-08	traded event Pokémon distributions in Generation VI	2	한국/일본
6	리자몽	0	Never	36	프레셔스볼		불꽃엄니/불꽃튀기기/에어슬래시/연옥	리자몽나이트Y	게임	한국어	시리얼	한국	올레 tv	4114	1004	올레 tv에서 특별한 리자몽을 선물!	올레 tv에서 특별한 리자몽을 선물!.wc6	1662	2014-04-11	2014-05-31	Korean region serial code event Pokémon distributions in Generation VI	6	한국/일본/유럽
6	리자몽	0	Never	36	프레셔스볼		용의분노/불꽃엄니/에어슬래시/드래곤클로	리자몽나이트X	게임		시리얼	일본	コロコロ	3154	15	リザードナイトＸを　もった　リザードン	リザードナイトＸを もった リザードン.wc6	1147	2014-03-15	2014-08-29	Japanese region serial code event Pokémon distributions in Generation VI	4	일본/유럽
6	핫삼	0	Never	25	프레셔스볼		메탈클로/칼등치기/고속이동/연속자르기		게임	한국어	현장	일본	ポケセン	2014	19	ハッサム　プレゼント	ハッサム プレゼント.wc6	1148	2014-02-01	2014-02-28	local event Pokémon distributions in Generation VI	2	일본
6	팬텀	0	Never	25	프레셔스볼		나이트헤드/이상한빛/기습/섀도펀치		게임	한국어	현장	일본	ポケセン	2014	20	ゲンガー　プレゼント	ゲンガー プレゼント.wc6	1150	2014-02-01	2014-02-28	local event Pokémon distributions in Generation VI	2	일본
6	다크라이	0	Never	50	프레셔스볼		다크홀/꿈먹기/악의파동/고스트다이브	의문열매	게임	한국어	현장	한국	신비한 세계	12204	1017	환상의 포켓몬 다크라이 선물	환상의 포켓몬 다크라이 선물.wc6	1681	2014-12-20	2014-12-31	local event Pokémon distributions in Generation VI	4	한국/일본/유럽/미상
6	갸라도스	0	Never	50	프레셔스볼		폭포오르기/지진/얼음엄니/용의춤	갸라도스나이트	게임	한국어	현장	일본	ポケセン	5104	25	メガシンカするポケモン　プレゼント	メガシンカするポケモン プレゼント.wc6	1154	2014-05-10	2014-05-18	local event Pokémon distributions in Generation VI	2	일본
6	핫삼	0	Never	50	프레셔스볼		불릿펀치/칼춤/날개쉬기/유턴	핫삼나이트	게임	한국어	현장	일본	ポケセン	5194	26	メガシンカするポケモン　プレゼント	メガシンカするポケモン プレゼント.wc6	1155	2014-05-19	2014-05-25	Pokémon Center - Mega Evolution Distribution	2	일본
6	캥카	0	Never	50	프레셔스볼		속이기/은혜갚기/지진/기습	캥카나이트	게임	한국어	현장	일본	ポケセン	5264	27	メガシンカするポケモン　プレゼント	メガシンカするポケモン プレゼント.wc6	1156	2014-05-26	2014-06-01	Pokémon Center - Mega Evolution Distribution	3	일본
6	팬텀	0	Never	50	프레셔스볼		섀도볼/오물폭탄/도깨비불/길동무	팬텀나이트	게임	한국어	현장	일본	ポケセン	6024	28	メガシンカするポケモン　プレゼント	メガシンカするポケモン プレゼント.wc6	1157	2014-06-02	2014-06-08	local event Pokémon distributions in Generation VI	2	일본
6	마기라스	0	Never	50	프레셔스볼		스톤에지/깨물어부수기/지진/냉동펀치	마기라스나이트	게임	한국어	현장	일본	ポケセン	6094	29	メガシンカするポケモン　プレゼント	メガシンカするポケモン プレゼント.wc6	1158	2014-06-09	2014-06-15	Pokémon Center - Mega Evolution Distribution	2	일본
6	입치트	0	Never	50	프레셔스볼		아이언헤드/치근거리기/불꽃엄니/기습	입치트나이트	게임	한국어	현장	일본	ポケセン	6164	30	メガシンカするポケモン　プレゼント	メガシンカするポケモン プレゼント.wc6	1159	2014-06-16	2014-06-22	Pokémon Center - Mega Evolution Distribution	2	일본
6	피카츄	0	Never	22	프레셔스볼		전광석화/일렉트릭볼/그림자분신/메가톤킥	전기구슬	게임	한국어	현장	일본	ウチダアツト	22	33	ウチダアツトの　ピカチュウ	ウチダアツトの ピカチュウ.wc6	1166	2014-06-15	2014-06-15	local event Pokémon distributions in Generation VI	1	일본
6	지라치	0	Always	10	프레셔스볼		희망사항/스피드스타/치유소원/문포스	별의조각	게임	한국어	현장	일본	たなばた	8014	34	いろちがいの　ジラーチ　プレゼント	いろちがいの ジラーチ プレゼント.wc6	1167	2014-08-01	2014-08-31	local event Pokémon distributions in Generation VI	1	일본
6	비비용	19	Never	12	몬스터볼		저리가루/바람일으키기/빛의장막/벌레의저항		게임	한국어	현장	일본	ポケセン	8014	36	ボールのもようの　ビビヨン	ボールのもようの ビビヨン.wc6	1168	2014-08-01	2014-08-31	local event Pokémon distributions in Generation VI	2	일본
6	피카츄	0	Never	10	프레셔스볼		10만볼트/전광석화/파도타기/손에손잡기	바닷물향로	게임	한국어	현장	일본	みなとみらい	8094	37	あかレンガそうこの　ピカチュウ	あかレンガそうこの ピカチュウ.wc6	1169	2014-08-09	2014-08-17	local event Pokémon distributions in Generation VI	1	일본
6	피카츄	0	Never	10	프레셔스볼		10만볼트/전광석화/파도타기/손에손잡기	풍선	게임	한국어	현장	일본	みなとみらい	8094	38	ランドマークタワーの　ピカチュウ	ランドマークタワーの ピカチュウ.wc6	1170	2014-08-09	2014-08-17	local event Pokémon distributions in Generation VI	1	일본
6	피카츄	0	Never	10	프레셔스볼		10만볼트/전광석화/파도타기/손에손잡기	혜성조각	게임	한국어	현장	일본	みなとみらい	8094	39	コスモワールドの　ピカチュウ	コスモワールドの ピカチュウ.wc6	1171	2014-08-09	2014-08-17	local event Pokémon distributions in Generation VI	1	일본
6	피카츄	0	Never	10	프레셔스볼		10만볼트/전광석화/파도타기/손에손잡기	기합의머리띠	게임	한국어	현장	일본	みなとみらい	8094	40	パシフィコよこはまの　ピカチュウ	パシフィコよこはまの ピカチュウ.wc6	1172	2014-08-16	2014-08-17	local event Pokémon distributions in Generation VI	1	일본
6	피카츄	0	Never	10	프레셔스볼		10만볼트/전광석화/파도타기/손에손잡기	실크스카프	게임	한국어	현장	일본	みなとみらい	8094	41	せんちょうの　ピカチュウ	せんちょうの ピカチュウ.wc6	1173	2014-08-09	2014-08-17	local event Pokémon distributions in Generation VI	1	일본
6	피카츄	0	Never	10	힐볼		10만볼트/전광석화/하트스탬프/손에손잡기	하트비늘	게임	한국어	현장	일본	みなとみらい	8094	42	しっぽがハートの　ピカチュウ	しっぽがハートの ピカチュウ.wc6	1174	2014-08-09	2014-08-17	local event Pokémon distributions in Generation VI	1	일본
6	로토무	0	Never	10	프레셔스볼		전격파/놀래키기/트릭/전기자석파		게임	한국어	현장	일본	トレッタ	9254	45	トレッタに　もぐりこんだ　ロトム	トレッタに もぐりこんだ ロトム.wc6	1176	2014-10-15	2014-12-03	local event Pokémon distributions in Generation VI	1	일본
6	지라치	0	Always	15	프레셔스볼		희망사항/염동력/도우미/은혜갚기	별의모래	게임		시리얼	일본	ポケセン	12014	61	いろちがいの　ジラーチ　プレゼント	いろちがいの ジラーチ プレゼント.wc6	1187	2014-12-01	2015-05-28	Japanese region serial code event Pokémon distributions in Generation VI / local event Pokémon distributions in Generation VI	2	일본
6	직구리	0	Never	50	프레셔스볼		도우미/신속/초롱초롱눈동자/방어	기합의띠	게임	한국어	현장	일본	ジャンフェス	12204	67	ジャンフェスの　マッスグマ	ジャンフェスの マッスグマ.wc6	1188	2014-12-20	2014-12-21	local event Pokémon distributions in Generation VI	1	일본
6	이상해씨	0	Never	5	프레셔스볼		울음소리/씨뿌리기/덩굴채찍/독가루	이상해꽃나이트	게임		시리얼	일본	ポケモンラボ	7085	96	ポケモンラボの　フシギダネ	ポケモンラボの フシギダネ.wc6	1190	2015-07-08	2015-10-12	Japanese region serial code event Pokémon distributions in Generation VI	1	일본
6	파이리	0	Never	5	프레셔스볼		울음소리/불꽃세례/연막/용의분노	리자몽나이트Y	게임		시리얼	일본	ポケモンラボ	7085	97	ポケモンラボの　ヒトカゲ	ポケモンラボの ヒトカゲ.wc6	1191	2015-07-08	2015-10-12	Japanese region serial code event Pokémon distributions in Generation VI	1	일본
6	꼬부기	0	Never	5	프레셔스볼		꼬리흔들기/물대포/껍질에숨기/거품	거북왕나이트	게임		시리얼	일본	ポケモンラボ	7085	98	ポケモンラボの　ゼニガメ	ポケモンラボの ゼニガメ.wc6	1192	2015-07-08	2015-10-12	Japanese region serial code event Pokémon distributions in Generation VI	1	일본
6	리자몽	0	Never	36	프레셔스볼		화염방사/불꽃세례/회오리불꽃/불꽃튀기기	리자몽나이트Y	게임		시리얼	일본	マオ	11195	114	ポケモンEXPOジム　リザードン	ポケモンEXPOジム リザードン.wc6	1196	2015-11-19	2016-05-31	Japanese region serial code event Pokémon distributions in Generation VI	1	일본
6	괴력몬	0	Never	39	프레셔스볼		지구던지기/폭발펀치/구멍파기/기충전	별의조각	게임		시리얼	일본	Ｄｒ．シャイ	11195	115	ポケモンEXPOジム　カイリキー	ポケモンEXPOジム カイリキー.wc6	1197	2015-11-19	2016-05-31	Japanese region serial code event Pokémon distributions in Generation VI	1	일본
6	루브도	0	Never	40	프레셔스볼		스케치/마구할퀴기/지구던지기/화염방사	실크스카프	게임		시리얼	일본	ＡＤサカイ	11195	116	ポケモンEXPOジム　ドーブル	ポケモンEXPOジム ドーブル.wc6	1198	2015-11-19	2016-05-31	Japanese region serial code event Pokémon distributions in Generation VI	1	일본
6	조로아크	0	Never	45	프레셔스볼		겁나는얼굴/마구할퀴기/나쁜음모/혼내기	달인의띠	게임		시리얼	일본	サダ	11195	117	ポケモンEXPOジム　ゾロアーク	ポケモンEXPOジム ゾロアーク.wc6	1199	2015-11-19	2016-05-31	Japanese region serial code event Pokémon distributions in Generation VI	1	일본
6	치코리타	0	Never	5	프레셔스볼		몸통박치기/울음소리		게임		시리얼	일본	ポケモンラボ	12235	127	ポケモンラボの　チコリータ	ポケモンラボの チコリータ.wc6	1210	2015-12-23	2016-03-06	Japanese region serial code event Pokémon distributions in Generation VI	1	일본
6	브케인	0	Never	5	프레셔스볼		몸통박치기/째려보기		게임		시리얼	일본	ポケモンラボ	12235	128	ポケモンラボの　ヒノアラシ	ポケモンラボの ヒノアラシ.wc6	1211	2015-12-23	2016-03-06	Japanese region serial code event Pokémon distributions in Generation VI	1	일본
6	리아코	0	Never	5	프레셔스볼		할퀴기/째려보기		게임		시리얼	일본	ポケモンラボ	12235	129	ポケモンラボの　ワニノコ	ポケモンラボの ワニノコ.wc6	1212	2015-12-23	2016-03-06	Japanese region serial code event Pokémon distributions in Generation VI	1	일본
6	피카츄	0	Always	36	프레셔스볼		번개/대타출동/친해지기/손에손잡기		게임	한국어	현장	일본	メガトウキョ	12124	144	メガトウキョーの　ピカチュウ	メガトウキョーの ピカチュウ.wc6	1215	2014-12-12	2015-01-16	local event Pokémon distributions in Generation VI	1	일본
6	이브이	0	Always	15	프레셔스볼		스피드스타/전광석화/초롱초롱눈동자/도우미		게임		시리얼	일본	Ｐスクラップ	3016	147	ポケモンスクラップ2016　イーブイ	ポケモンスクラップ2016 イーブイ.wc6	1216	2016-03-01	2016-08-31	Japanese region serial code event Pokémon distributions in Generation VI	1	일본
6	이상해꽃	0	Never	100	프레셔스볼		솔라빔/하드플랜트/광합성/풀의맹세	이상해꽃나이트	게임		시리얼	일본	Ｐスクラップ	4286	153	ポケモンスクラップ2016　フシギバナ	ポケモンスクラップ2016 フシギバナ.wc6	1220	2016-04-28	2016-08-31	Japanese region serial code event Pokémon distributions in Generation VI	1	일본
6	리자몽	0	Never	100	프레셔스볼		플레어드라이브/블라스트번/겁나는얼굴/불꽃의맹세	리자몽나이트Y	게임		시리얼	일본	Ｐスクラップ	4286	154	ポケモンスクラップ2016　リザードン	ポケモンスクラップ2016 リザードン.wc6	1221	2016-04-28	2016-08-31	Japanese region serial code event Pokémon distributions in Generation VI	1	일본
6	거북왕	0	Never	100	프레셔스볼		하이드로펌프/하이드로캐논/철벽/물의맹세	거북왕나이트	게임		시리얼	일본	Ｐスクラップ	4286	155	ポケモンスクラップ2016　カメックス	ポケモンスクラップ2016 カメックス.wc6	1222	2016-04-28	2016-08-31	Japanese region serial code event Pokémon distributions in Generation VI	1	일본
6	개굴닌자	0	Never	100	프레셔스볼		하이드로캐논/더스트슈트/마룻바닥세워막기/해피타임	마스터볼	게임	한국어	현장	일본	そうせんきょ	720	162	ゲッコウガ　プレゼント	ゲッコウガ プレゼント.wc6	1225	2016-07-16	2016-09-30	local event Pokémon distributions in Generation VI	1	일본
6	피카츄	0	Never	10	프레셔스볼		공중날기/파도타기/고속이동/축하	전기구슬	게임		시리얼	일본	オンライン	2056	163	ＰＣオンライン　オープンきねん	ＰＣオンライン オープンきねん.wc6	1226	2016-02-16	2016-05-22	Pokémon Center Online Opening	1	일본
6	칠색조	0	Always	50	프레셔스볼		성스러운불꽃/브레이브버드/HP회복/축하	성스러운분말	게임	한국어	현장	일본	ＰＣキョウト	3166	164	ＰＣキョウト　オープンきねん	ＰＣキョウト オープンきねん.wc6	1227	2016-03-16	2016-05-08	local event Pokémon distributions in Generation VI	1	일본
6	고라파덕	0	Never	20	프레셔스볼		염동력/사슬묶기/자기암시/망각술		게임	한국어	현장	일본	マスダ	2276	165	マスダのコダック　プレゼント	マスダのコダック プレゼント.wc6	1228	2016-03-05	2016-03-05	local event Pokémon distributions in Generation VI	1	일본
6	피카츄	0	Never	10	힐볼		기프트패스/손에손잡기/은혜갚기/친해지기	하트스위트	게임		시리얼	일본	トウホク	20163	166	トウホクへの　ギフトパス♡	トウホクへの ギフトパス♡.wc6	1229	2016-03-11	2016-03-31	Japanese region serial code event Pokémon distributions in Generation VI	1	일본
6	랜드로스	0	Never	50	프레셔스볼		지진/탁쳐서떨구기/유턴/암석봉인	돌격조끼	1		시리얼	일본	ヒャダイン	14818	167	PJCS2016よせん　さんかきねん	PJCS2016よせん さんかきねん.wc6	1230	2016-05-24	2016-06-30	Japanese region serial code event Pokémon distributions in Generation VI	1	일본
6	가디안	0	Always	50	프레셔스볼		매지컬샤인/문포스/어시스트파워/명상	가디안나이트	게임		시리얼	일본	キミア	6176	168	キミアの　いろちがいのサーナイト	キミアの いろちがいのサーナイト.wc6	1231	2016-06-17	2016-07-08	Japanese region serial code event Pokémon distributions in Generation VI	1	일본
6	팬텀	0	Always	50	프레셔스볼		검은눈빛/최면술/사이코키네시스/파괴광선	팬텀나이트	게임		시리얼	일본	ジャービス	7096	169	ジャービスの　いろちがいのゲンガー	ジャービスの いろちがいのゲンガー.wc6	1232	2016-07-09	2016-07-15	Japanese region Nintendo Network event Pokémon distributions in Generation VI / Japanese region serial code event Pokémon distributions in Generation VI	1	일본
6	레쿠쟈	0	Always	100	프레셔스볼		화룡점정/용성군/공중날기/축하	혜성조각	게임	한국어	현장	일본	ポケセン	7066	171	PCスカイツリータウン　オープンきねん	PCスカイツリータウン オープンきねん.wc6	1233	2016-07-06	2016-09-04	local event Pokémon distributions in Generation VI	1	일본
6	지라치	0	Never	100	프레셔스볼		희망사항/코스믹파워/스피드스타/코멧펀치	별의조각	게임	한국어	현장	일본	おりひめ	8076	174	たなばたまつり2016　ジラーチ	たなばたまつり2016 ジラーチ.wc6	1234	2016-08-01	2016-08-31	6. Generation Japan	2	일본
6	바오키	0	Never	5	프레셔스볼		분발/손톱갈기/그로우펀치/기가임팩트	풍선	게임	한국어	현장	일본	そうせんきょ	720	176	そうせんきょ７２０いの　バオッキー	そうせんきょ７２０いの バオッキー.wc6	1236	2016-06-25	2016-07-15	local event Pokémon distributions in Generation VI	1	일본
6	니드퀸	0	Never	41	프레셔스볼		꼬리흔들기/두번차기/독침/누르기		게임	한국어	현장	일본	サカキ	1294	177	ロケットだんサカキの　ニドクイン	ロケットだんサカキの ニドクイン.wc6	1237	2016-10-01	2016-10-07	local event Pokémon distributions in Generation VI	1	일본
6	폭타	0	Never	43	프레셔스볼		저주/돌진/스톤샤워/하품	폭타나이트	게임	한국어	현장	일본	マツブサ	11214	178	マグマだんマツブサの　バクーダ	マグマだんマツブサの バクーダ.wc6	1238	2016-10-01	2016-10-07	local event Pokémon distributions in Generation VI	1	일본
6	샤크니아	0	Never	43	프레셔스볼		겁나는얼굴/베어가르기/맹독엄니/깨물어부수기	샤크니아나이트	게임	한국어	현장	일본	アオギリ	11214	179	アクアだんアオギリの　サメハダー	アクアだんアオギリの サメハダー.wc6	1239	2016-10-01	2016-10-07	local event Pokémon distributions in Generation VI	1	일본
6	포푸니라	0	Never	48	프레셔스볼		깜짝베기/냉동펀치/깨트리기/시저크로스	자뭉열매	게임	한국어	현장	일본	アカギ	9286	180	ギンガだんアカギの　マニューラ	ギンガだんアカギの マニューラ.wc6	1240	2016-10-01	2016-10-07	local event Pokémon distributions in Generation VI	1	일본
6	삼삼드래	0	Never	52	프레셔스볼		드래곤다이브/깨물어부수기/스톤샤워/화풀이	생명의구슬	게임	한국어	현장	일본	ゲーチス	6232	181	プラズマだんゲーチスの　サザンドラ	プラズマだんゲーチスの サザンドラ.wc6	1241	2016-10-01	2016-10-07	local event Pokémon distributions in Generation VI	1	일본
6	화염레오	0	Never	49	프레셔스볼		하이퍼보이스/불대문자/악의파동		게임	한국어	현장	일본	フラダリ	10123	182	フレアだんフラダリの　カエンジシ	フレアだんフラダリの カエンジシ.wc6	1242	2016-10-01	2016-10-07	local event Pokémon distributions in Generation VI	1	일본
6	샤로다	0	Never	50	프레셔스볼		리프스톰/적당히손봐주기/쥐어짜기/기가드레인		게임		시리얼	일본	プレゼント	1095	1505	ジャローダ　プレゼント	ジャローダ プレゼント.wc6	1253	2015-01-09	2015-11-30	Japanese region serial code event Pokémon distributions in Generation VI	1	일본
6	염무왕	0	Never	50	프레셔스볼		플레어드라이브/적당히손봐주기/양날박치기/돌진		게임		시리얼	일본	プレゼント	1165	1506	エンブオー　プレゼント	エンブオー プレゼント.wc6	1254	2015-01-16	2015-11-30	Japanese region serial code event Pokémon distributions in Generation VI	1	일본
6	대검귀	0	Never	50	프레셔스볼		셸블레이드/적당히손봐주기/비밀이야기/하이드로펌프		게임		시리얼	일본	プレゼント	1165	1507	ダイケンキ　プレゼント	ダイケンキ プレゼント.wc6	1255	2015-01-16	2015-11-30	Japanese region serial code event Pokémon distributions in Generation VI	1	일본
6	한카리아스	0	Never	48	프레셔스볼		용성군/드래곤클로/구멍파기/깨물어부수기	한카리아스나이트	게임	한국어	현장	한국	스프링카니발	4124	1005	WCS2014 기념! 한카리아스를 선물!	WCS2014 기념! 한카리아스를 선물!.wc6	1267	2014-04-12	2014-04-13	local event Pokémon distributions in Generation VI	1	한국
6	메리프	0	Never	10	프레셔스볼		적당히손봐주기/몸통박치기/전기자석파/전기쇼크	전룡나이트	게임	한국어	시리얼	한국	완전전국도감	6055	1025	완전 전국 도감 발매 기념! 특별한 메리프 선물!	완전 전국 도감 발매 기념! 특별한 메리프 선물!.wc6	1268	2015-09-15	2016-08-31	Korean region serial code event Pokémon distributions in Generation VI	1	한국
6	피카츄	0	Never	10	프레셔스볼		전광석화/10만볼트/파도타기/손에손잡기	전기구슬	게임	한국어	시리얼	한국	포켓몬스파	7016	1070	포켓몬스파 여름 스페셜 이벤트 선물	포켓몬스파 여름 스페셜 이벤트 선물.wc6	1277	2016-07-02	2016-08-31	Korean region serial code event Pokémon distributions in Generation VI	1	한국
6	디안시	0	Always	50	프레셔스볼		다이아스톰/문포스/리플렉터/은혜갚기	노말주얼	게임	한국어	현장	한국	올스타	8136	1071	색이 다른 디안시 선물	색이 다른 디안시 선물.wc6	1278	2016-08-13	2016-08-14	local event Pokémon distributions in Generation VI	2	한국/일본
6	가디안	0	Never	100	프레셔스볼		매지컬샤인/문포스/어시스트파워/명상	가디안나이트	게임	한국어	시리얼	한국	XY&Z	9206	1072	포켓몬스터 새로운 에피소드 방송기념	포켓몬스터 새로운 에피소드 방송기념.wc6	1279	2016-09-20	2016-11-15	Korean region serial code event Pokémon distributions in Generation VI	1	한국
6	팬텀	0	Never	100	프레셔스볼		검은눈빛/최면술/사이코키네시스/파괴광선	팬텀나이트	게임	한국어	시리얼	한국	XY&Z	10196	1073	포켓몬스터 새로운 에피소드 방송기념	포켓몬스터 새로운 에피소드 방송기념.wc6	1280	2016-10-19	2016-11-15	Korean region serial code event Pokémon distributions in Generation VI	1	한국
6	마기라스	0	Never	100	프레셔스볼		스톤샤워/깨물어부수기/냉동펀치/안다리걸기	마기라스나이트	게임	한국어	시리얼	한국	XY&Z	10196	1074	포켓몬스터 새로운 에피소드 방송기념	포켓몬스터 새로운 에피소드 방송기념.wc6	1281	2016-10-19	2016-11-15	Korean region serial code event Pokémon distributions in Generation VI	1	한국
6	입치트	0	Never	100	프레셔스볼		기습/방어/치근거리기/아이언헤드	입치트나이트	게임	한국어	시리얼	한국	XY&Z	10196	1075	포켓몬스터 새로운 에피소드 방송기념	포켓몬스터 새로운 에피소드 방송기념.wc6	1282	2016-10-19	2016-11-15	Korean region serial code event Pokémon distributions in Generation VI	1	한국
6	비크티니	0	Never	15	프레셔스볼		전광석화/뽐내기/V제너레이트	의문열매	게임	한국어	시리얼	한국	새로운모험자	10016	1076	예약 구매 기념 비크티니 선물	예약 구매 기념 비크티니 선물.wc6	1283	2016-10-01	2016-11-16	Korean region serial code event Pokémon distributions in Generation VI	1	한국
6	이브이	0	Always	15	프레셔스볼		스피드스타/전광석화/초롱초롱눈동자/도우미		게임	한국어	현장	한국	코리안리그	10226	1077	코리안리그 개최기념 선물	코리안리그 개최기념 선물.wc6	1284	2016-10-22	2016-10-23	local event Pokémon distributions in Generation VI	1	한국
6	얼음귀신	0	Never	40	몬스터볼		얼음엄니/박치기/방어/얼음숨결	얼음귀신나이트	게임	한국어		한국	오메가	52298	53167	Simulated Korean ORAS Demo Glalie.	N/A - Simulated Korean ORAS Demo Glalie..wc6	1297	2014-11-21	No End Date	ORAS 체험판에서 본편으로 보낸 것 — 체험판은 2014-10-15 (한국), 본편 발매 2014-11-21 이후 아무 때나	3	한국/일본/미상
6	강철톤	0	Never	40	몬스터볼		아이언테일/깨물어부수기/스톤샤워/싫은소리	강철톤나이트	게임			일본	オメガ	29231	22778	Simulated Japanese ORAS Demo Steelix.	N/A - Simulated Japanese ORAS Demo Steelix..wc6	1296	2014-11-21	No End Date	ORAS 체험판에서 본편으로 보낸 것 — 체험판은 2014-10-15 (일본), 본편 발매 2014-11-21 이후 아무 때나	1	일본
6	세레비	0	Never	10	럭셔리볼		HP회복/치료방울/신비의부적/적당히손봐주기		게임	한국어	게임내	한국		0	0	Simulated Pokemon Bank Celebi.	N/A - Simulated Pokemon Bank Celebi..wc6	1298	2014-02-04	2014-09-30	Pokémon Bank Distribution	1	한국
6	장크로다일	0	Never	50	몬스터볼		냉동펀치/깨물어부수기/폭포오르기/싫은소리		게임	한국어	게임내	한국		0	0	Simulated Pokemon Bank Feraligatr.	N/A - Simulated Pokemon Bank Feraligatr..wc6	1299	2015-02-27	2015-11-30	Pokémon Bank Distribution	1	한국
6	메가니움	0	Never	50	몬스터볼		솔라빔/쾌청/광합성/누르기		게임	한국어	게임내	한국		0	0	Simulated Pokemon Bank Meganium.	N/A - Simulated Pokemon Bank Meganium..wc6	1300	2015-02-27	2015-11-30	Pokémon Bank Distribution	1	한국
6	블레이범	0	Never	50	몬스터볼		오버히트/화염방사/니트로차지/스피드스타		게임	한국어	게임내	한국		0	0	Simulated Pokemon Bank Typhlosion.	N/A - Simulated Pokemon Bank Typhlosion..wc6	1301	2015-02-27	2015-11-30	6. Generation Australien / 6. Generation Europa / 6. Generation Japan / 6. Generation Nordamerika	1	한국
6	레지아이스	0	Never	50	몬스터볼		10만볼트/망각술/냉동빔/싸라기눈		게임	한국어	게임내	한국		0	0	Simulated Pokemon Bank Regice.	N/A - Simulated Pokemon Bank Regice..wc6	1302	2016-03-04	2016-10-31	Pokémon Bank Distribution	1	한국
6	레지락	0	Never	50	몬스터볼		대폭발/냉동펀치/스톤에지/암해머		게임	한국어	게임내	한국		0	0	Simulated Pokemon Bank Regirock.	N/A - Simulated Pokemon Bank Regirock..wc6	1303	2016-03-04	2016-10-31	Pokémon Bank Distribution	1	한국
6	레지스틸	0	Never	50	몬스터볼		아이언헤드/스톤샤워/중력/철벽		게임	한국어	게임내	한국		0	0	Simulated Pokemon Bank Registeel.	N/A - Simulated Pokemon Bank Registeel..wc6	1304	2016-03-04	2016-10-31	Pokémon Bank Distribution	1	한국
6	마그마	0	Never	30	프레셔스볼		연막/회오리불꽃/이상한빛/불꽃펀치	마그마부스터	게임		시리얼	유럽	PRIMAV2014	4014	504	¡Aquí llega Magmar!	¡Aquí llega Magmar!.wc6	1305	2014-04-14	2014-04-30	GAME Distribution Event (UK, Spain, France) FNAC Distribution (Portugal) GameMania (NL) Toys R Us etc. (Germany) / EB Games, JB Hifi & Target Distribution Event	7	유럽
6	레쿠쟈	0	Always	70	프레셔스볼		용의파동/회오리/번개/신속		게임	한국어	현장	한국	포켓몬타운15	5025	1029	검은 레쿠쟈를 선물!	검은 레쿠쟈를 선물!.wc6	1691	2015-05-02	2015-05-05	local event Pokémon distributions in Generation VI	5	한국/일본
6	레쿠쟈	0	Always	70	프레셔스볼		용의파동/용의춤/번개/신속		게임		시리얼	일본	Nintendo HK	9115	119	A special shiny Rayquaza!	A special shiny Rayquaza!.wc6	1360	2015-09-11	2015-10-31	Japanese region serial code event Pokémon distributions in Generation VI / PAL region serial code event Pokémon distributions in Generation VI	1	일본
6	지라치	0	Always	25	프레셔스볼		희망사항/염동력/스피드스타/해피타임	별의조각	게임		시리얼	일본	Nintendo HK	12015	145	Christmas Present　"Shiny Jirachi"	Christmas Present "Shiny Jirachi".wc6	1362	2015-12-12	2016-01-31	Japanese region serial code event Pokémon distributions in Generation VI / PAL region serial code event Pokémon distributions in Generation VI	1	일본
6	아르세우스	0	Never	100	프레셔스볼		심판의뭉치/멸망의노래/파괴광선/HP회복	실크스카프	게임		시리얼	일본	Manesh	12215	146	Christmas Present - Arceus	Christmas Present - Arceus.wc6	1363	2015-12-21	2016-01-30	Japanese region serial code event Pokémon distributions in Generation VI	1	일본
6	한카리아스	0	Never	50	프레셔스볼		베어가르기/드래곤클로/구멍파기/깨물어부수기	용의이빨	게임		시리얼	미국	WINTER2013	11153	501	A powerful Garchomp for You!	A powerful Garchomp for You!.wc6	1364	2013-11-27	2014-06-30	WalMart - Pokémon X	1	미국
6	핫삼	0	Never	50	프레셔스볼		시저크로스/깜짝베기/더블어택/아이언헤드	은빛가루	게임		시리얼	미국	WINTER2013	11153	502	A powerful Scizor!	A powerful Scizor!.wc6	1365	2013-11-27	2014-06-30	6. Generation Nordamerika	1	미국
6	에레브	0	Never	30	프레셔스볼		안다리걸기/전격파/빛의장막/번개펀치	에레키부스터	게임		시리얼	유럽	SPRING 2014	4014	504	It’s Electabuzz!	It’s Electabuzz!.wc6	1368	2014-04-14	2014-04-30	GAME Distribution Event (UK, Spain, France) FNAC Distribution (Portugal) GameMania (NL) / EB Games, JB Hifi & Target Distribution Event	5	유럽
6	비비용	19	Never	12	몬스터볼		저리가루/바람일으키기/빛의장막/벌레의저항		게임		인터넷	미국	SUM2014	8064	511	It's a Poké Ball Pattern Vivillon!	It's a Poké Ball Pattern Vivillon!.wc6	1369	2014-08-06	2014-08-12	Pokémon Center Online - Special Distribution	8	미국/유럽
6	헤라크로스	0	Never	50	프레셔스볼		씨기관총/바늘미사일/인파이트/메가혼		게임		인터넷	미국	SUM2014	8134	515	A super-tough Heracross!	A super-tough Heracross!.wc6	1371	2014-08-13	2014-09-17	American region Nintendo Network event Pokémon distributions in Generation VI	2	미국
6	쁘사이저	0	Never	50	프레셔스볼		시저크로스/지진/스톤에지/은혜갚기		게임		인터넷	미국	SUM2014	8134	515	A super-tough Pinsir!	A super-tough Pinsir!.wc6	1372	2014-08-13	2014-09-17	American region Nintendo Network event Pokémon distributions in Generation VI	2	미국
6	호바귀	3	Never	50	프레셔스볼		핼러윈/놀래키기/겁나는얼굴/야습	울퉁불퉁멧	게임		인터넷	미국	Horreur 2014	10014	523	Brrr ! Un Pitrouille !	Brrr ! Un Pitrouille !.wc6	1401	2014-10-01	2014-10-31	American region Nintendo Network event Pokémon distributions in Generation VI	4	미국/기타지역
6	호바귀	3	Never	50	프레셔스볼		핼러윈/놀래키기/겁나는얼굴/야습	울퉁불퉁멧	게임		인터넷	미국	Horreur 2014	10014	523	Brrr ! Un Pitrouille !	Brrr ! Un Pitrouille !.wc6	1402	2014-10-01	2014-10-31	American region Nintendo Network event Pokémon distributions in Generation VI	5	미국/유럽/기타지역
6	팬텀	0	Always	25	다크볼		섀도볼/오물웨이브/이상한빛/놀래키기	팬텀나이트	게임	한국어	시리얼	한국	모험예약자	10114	1016	하얀 메가팬텀 선물	하얀 메가팬텀 선물.wc6	1679	2014-10-11	2014-11-19	Korean region serial code event Pokémon distributions in Generation VI	7	한국/일본/미국/유럽
6	팬텀	0	Always	25	다크볼		섀도볼/오물웨이브/이상한빛/놀래키기	팬텀나이트	게임	한국어	시리얼	한국	모험예약자	10114	1016	하얀 메가팬텀 선물	하얀 메가팬텀 선물.wc6	1680	2014-10-11	2014-11-19	Korean region serial code event Pokémon distributions in Generation VI	7	한국/일본/미국/유럽
6	리자몽	0	Always	36	프레셔스볼		오버히트/솔라빔/기합구슬/손에손잡기	리자몽나이트Y	게임	한국어	현장	일본	メガトウキョ	12124	65	メガトウキョーの　リザードン	メガトウキョーの リザードン.wc6	1477	2014-12-12	2015-01-16	local event Pokémon distributions in Generation VI	7	일본/유럽
6	디안시	0	Never	50	프레셔스볼		다이아스톰/문포스/매지컬샤인/방어		게임		인터넷	미국	Hope	7245	546	It's the Mythical Pokémon Diancie!	It's the Mythical Pokémon Diancie!.wc6	1383	2015-07-24	2015-07-27	American region Nintendo Network event Pokémon distributions in Generation VI	5	미국
6	아차모	0	Never	10	프레셔스볼		할퀴기/울음소리/기충전/불꽃세례	번치코나이트	게임	한국어	인터넷	한국	XY	10123	1501	아차모 선물	아차모 선물.wc6	1707	2013-10-12	2014-01-15	Korean region Nintendo Network event Pokémon distributions in Generation VI	7	한국/일본/미국
6	비비용	18	Never	12	프레셔스볼		바람일으키기/빛의장막/벌레의저항/손에손잡기		게임	한국어	인터넷	한국	GTS	108	1503	팬시한 모양 비비용	팬시한 모양 비비용.wc6	1708	2014-07-08	2014-07-31	Korean region Nintendo Network event Pokémon distributions in Generation VI	7	한국/일본/미국
6	비비용	18	Never	12	프레셔스볼		바람일으키기/빛의장막/벌레의저항/손에손잡기		게임	한국어	인터넷	한국	GTS	108	1503	팬시한 모양 비비용	팬시한 모양 비비용.wc6	1709	2014-07-08	2014-07-31	Korean region Nintendo Network event Pokémon distributions in Generation VI	5	한국/일본/미국
6	메탕	0	Always	5	프레셔스볼		적당히손봐주기/아이언헤드/사념의박치기/철벽	메타그로스나이트	게임	한국어	인터넷	한국	성호	11214	1504	「색이 다른 은색 메탕」을 선물!	「색이 다른 은색 메탕」을 선물!.wc6	1710	2014-11-28	2015-01-14	Korean region Nintendo Network event Pokémon distributions in Generation VI	7	한국/일본/미국/유럽/기타지역
6	샤로다	0	Never	50	프레셔스볼		리프스톰/적당히손봐주기/쥐어짜기/기가드레인		게임		시리얼	미국	Present	1225	1505	It's Serperior!	It's Serperior!.wc6	1388	2015-01-22	2015-11-30	Pokémon - Serperior Distribution (Code: POKEMON497)	4	미국/유럽
6	샤로다	0	Never	50	프레셔스볼		리프스톰/적당히손봐주기/쥐어짜기/기가드레인		게임		시리얼	미국	Present	1225	1505	It's Serperior!	It's Serperior!.wc6	1389	2015-01-22	2015-11-30	Pokémon - Serperior Distribution (Code: POKEMON497)	5	미국/유럽
6	염무왕	0	Never	50	프레셔스볼		플레어드라이브/적당히손봐주기/양날박치기/돌진		게임		시리얼	미국	Present	1295	1506	It's Emboar!	It's Emboar!.wc6	1390	2015-01-29	2015-11-30	Pokémon  - Emboar Distribution	4	미국/유럽
6	염무왕	0	Never	50	프레셔스볼		플레어드라이브/적당히손봐주기/양날박치기/돌진		게임		시리얼	미국	Present	1295	1506	It's Emboar!	It's Emboar!.wc6	1391	2015-01-29	2015-11-30	Pokémon  - Emboar Distribution	5	미국/유럽
6	대검귀	0	Never	50	프레셔스볼		셸블레이드/적당히손봐주기/비밀이야기/하이드로펌프		게임		시리얼	미국	Present	2105	1507	It's Samurott!	It's Samurott!.wc6	1392	2015-02-10	2015-11-30	Pokémon - Samurott Distribution	5	미국/유럽
6	대검귀	0	Never	50	프레셔스볼		셸블레이드/적당히손봐주기/비밀이야기/하이드로펌프		게임		시리얼	미국	Present	2105	1507	It's Samurott!	It's Samurott!.wc6	1393	2015-02-10	2015-11-30	Pokémon - Samurott Distribution	5	미국/유럽
6	비비용	19	Never	12	프레셔스볼		저리가루/바람일으키기/빛의장막/벌레의저항		게임	한국어	현장	유럽	Paris	6014	511	Un Prismillon Poké Ball !	Un Prismillon Poké Ball !.wc6	1396	2014-06-04	2014-06-21	Pokémon Center Paris - Special Distribution	1	유럽
6	헤라크로스	0	Never	50	프레셔스볼		씨기관총/바늘미사일/인파이트/메가혼		게임		인터넷	미국	SUM2014	8134	515	Un Scarhino super fort !	Un Scarhino super fort !.wc6	1399	2014-08-13	2014-09-17	Pokémon Mega Stone Event	1	미국
6	쁘사이저	0	Never	50	프레셔스볼		시저크로스/지진/스톤에지/은혜갚기		게임		인터넷	미국	SUM2014	8134	515	Un Scarabrute super fort !	Un Scarabrute super fort !.wc6	1400	2014-08-13	2014-09-17	American region Nintendo Network event Pokémon distributions in Generation VI	1	미국
6	리자몽	0	Always	36	프레셔스볼		오버히트/솔라빔/기합구슬/손에손잡기	리자몽나이트Y	게임	한국어	현장	일본	メガトウキョ	12124	65	メガトウキョーの　リザードン	メガトウキョーの リザードン.wc6	1476	2014-12-12	2015-01-16	local event Pokémon distributions in Generation VI	6	일본/유럽
6	망나뇽	0	Never	55	프레셔스볼		용의춤/역린/폭풍/신속	리샘열매	게임		시리얼	미국	JUN2015	6225	538	Un Dracolosse prêt pour le combat !	Un Dracolosse prêt pour le combat !.wc6	1409	2015-06-22	2015-07-12	Gamestop Distribution - Roaring Skies Celebration	2	미국
6	망나뇽	0	Never	55	프레셔스볼		용의춤/역린/폭풍/신속	리샘열매	게임		시리얼	미국	JUN2015	6225	538	Un Dracolosse prêt pour le combat !	Un Dracolosse prêt pour le combat !.wc6	1410	2015-06-22	2015-07-12	Gamestop Distribution - Roaring Skies Celebration	2	미국
6	마자용	0	Never	15	프레셔스볼		카운터/미러코트		게임	한국어	현장	유럽	Jessie	6214	514	Il Wobbuffet del Team Rocket!	Il Wobbuffet del Team Rocket!.wc6	1448	2014-06-21	2014-06-22	Pokémon Day Italy	1	유럽
6	쉐이미	0	Never	15	프레셔스볼		성장/매지컬리프/시드플레어/에어슬래시		게임	한국어	시리얼	한국	완전스토리	4155	1024	완전 스토리 공략가이드 발매! 쉐이미를 선물!	완전 스토리 공략가이드 발매! 쉐이미를 선물!.wc6	1685	2015-07-17	2016-01-31	Korean region serial code event Pokémon distributions in Generation VI	2	한국/일본
6	케르디오	0	Never	15	프레셔스볼		아쿠아제트/째려보기/두번차기/하이드로펌프		게임	한국어	시리얼	한국	속성클리어	2055	1023	속성클리어가이드 발매 기념! 케르디오 선물	속성클리어가이드 발매 기념! 케르디오 선물.wc6	1684	2015-02-25	2016-01-31	Korean region serial code event Pokémon distributions in Generation VI	2	한국/일본
6	비크티니	0	Never	15	프레셔스볼		염동력/전광석화/V제너레이트/화염탄		게임		시리얼	일본	Ｐスクラップ	12014	52	ポケモンスクラップ　ビクティニ	ポケモンスクラップ ビクティニ.wc6	1470	2014-12-01	2015-04-30	Japanese region serial code event Pokémon distributions in Generation VI	1	일본
6	개굴닌자	0	Never	36	프레셔스볼		물수리검/야습/하이드로펌프/대타출동		게임		시리얼	일본	スマブラ	9134	62	スマブラどうじこうにゅう　とくてん	スマブラどうじこうにゅう とくてん.wc6	1471	2014-12-09	2015-01-29	Japanese region serial code event Pokémon distributions in Generation VI	1	일본
6	팽도리	0	Never	7	프레셔스볼		막치기/울음소리/은혜갚기		게임	한국어	현장	일본	はままつちょ	12074	63	トウキョーフィナーレの　ポッチャマ	トウキョーフィナーレの ポッチャマ.wc6	1472	2014-12-06	2014-12-06	local event Pokémon distributions in Generation VI	1	일본
6	팽도리	0	Never	7	프레셔스볼		막치기/울음소리/은혜갚기		게임	한국어	현장	일본	はままつちょ	12074	63	トウキョーフィナーレの　ポッチャマ	トウキョーフィナーレの ポッチャマ.wc6	1473	2014-12-06	2014-12-06	local event Pokémon distributions in Generation VI	1	일본
6	개구마르	0	Never	7	프레셔스볼		막치기/울음소리/거품/은혜갚기		게임	한국어	현장	일본	はままつちょ	12074	64	トウキョーフィナーレの　ケロマツ	トウキョーフィナーレの ケロマツ.wc6	1474	2014-12-07	2014-12-07	local event Pokémon distributions in Generation VI	1	일본
6	개구마르	0	Never	7	프레셔스볼		막치기/울음소리/거품/은혜갚기		게임	한국어	현장	일본	はままつちょ	12074	64	トウキョーフィナーレの　ケロマツ	トウキョーフィナーレの ケロマツ.wc6	1475	2014-12-07	2014-12-07	local event Pokémon distributions in Generation VI	1	일본
6	피카츄	0	Always	36	프레셔스볼		번개/대타출동/친해지기/손에손잡기		게임	한국어	현장	일본	メガトウキョ	12124	66	メガトウキョーの　ピカチュウ	メガトウキョーの ピカチュウ.wc6	1478	2014-12-12	2015-01-16	local event Pokémon distributions in Generation VI	1	일본
6	피카츄	0	Always	36	프레셔스볼		번개/대타출동/친해지기/손에손잡기		게임	한국어	현장	일본	メガトウキョ	12124	66	メガトウキョーの　ピカチュウ	メガトウキョーの ピカチュウ.wc6	1479	2014-12-12	2015-01-16	local event Pokémon distributions in Generation VI	1	일본
6	아공이	0	Random	1	몬스터볼	알	분노/난동부리기		게임	한국어	현장	일본		0	0	メガシンカするポケモンの　タマゴ	メガシンカするポケモンの タマゴ.wc6	1480	2016-04-01	2016-04-30	Japanese region Nintendo Network event Pokémon distributions in Generation VI / local event Pokémon distributions in Generation VI	7	일본
6	아공이	0	Random	1	몬스터볼	알	분노/난동부리기		게임	한국어	현장	일본		0	0	メガシンカするポケモンの　タマゴ	メガシンカするポケモンの タマゴ.wc6	1481	2016-04-01	2016-04-30	Japanese region Nintendo Network event Pokémon distributions in Generation VI / local event Pokémon distributions in Generation VI	7	일본
6	샤프니아	0	Random	1	몬스터볼	알	째려보기/물기/하이드로펌프		게임	한국어	현장	일본		0	0	メガシンカするポケモンの　タマゴ	メガシンカするポケモンの タマゴ.wc6	1482	2016-04-01	2016-04-30	Pokémon Center Hiroshima - Repeat Event / Pokémon Center Mega Evolution Distribution	7	일본
6	샤프니아	0	Random	1	몬스터볼	알	째려보기/물기/하이드로펌프		게임	한국어	현장	일본		0	0	メガシンカするポケモンの　タマゴ	メガシンカするポケモンの タマゴ.wc6	1483	2016-04-01	2016-04-30	Pokémon Center Hiroshima - Repeat Event / Pokémon Center Mega Evolution Distribution	7	일본
6	둔타	0	Random	1	몬스터볼	알	울음소리/몸통박치기/아이언헤드		게임	한국어	현장	일본		0	0	メガシンカするポケモンの　タマゴ	メガシンカするポケモンの タマゴ.wc6	1484	2016-04-01	2016-04-30	Pokémon Center Hiroshima - Repeat Event / Pokémon Center Mega Evolution Distribution	7	일본
6	둔타	0	Random	1	몬스터볼	알	울음소리/몸통박치기/아이언헤드		게임	한국어	현장	일본		0	0	メガシンカするポケモンの　タマゴ	メガシンカするポケモンの タマゴ.wc6	1485	2016-04-01	2016-04-30	Pokémon Center Hiroshima - Repeat Event / Pokémon Center Mega Evolution Distribution	7	일본
6	랄토스	0	Random	1	몬스터볼	알	울음소리/앙코르		게임	한국어	현장	일본		0	0	メガシンカするポケモンの　タマゴ	メガシンカするポケモンの タマゴ.wc6	1486	2016-04-01	2016-04-30	Pokémon Center Hiroshima - Repeat Event / Pokémon Center Mega Evolution Distribution	7	일본
6	랄토스	0	Random	1	몬스터볼	알	울음소리/앙코르		게임	한국어	현장	일본		0	0	メガシンカするポケモンの　タマゴ	メガシンカするポケモンの タマゴ.wc6	1487	2016-04-01	2016-04-30	Pokémon Center Hiroshima - Repeat Event / Pokémon Center Mega Evolution Distribution	7	일본
6	파비코	0	Random	1	몬스터볼	알	쪼기/울음소리/하이퍼보이스		게임	한국어	현장	일본		0	0	メガシンカするポケモンの　タマゴ	メガシンカするポケモンの タマゴ.wc6	1488	2016-04-01	2016-04-30	Pokémon Center Hiroshima - Repeat Event / Pokémon Center Mega Evolution Distribution	7	일본
6	파비코	0	Random	1	몬스터볼	알	쪼기/울음소리/하이퍼보이스		게임	한국어	현장	일본		0	0	メガシンカするポケモンの　タマゴ	メガシンカするポケモンの タマゴ.wc6	1489	2016-04-01	2016-04-30	Pokémon Center Hiroshima - Repeat Event / Pokémon Center Mega Evolution Distribution	7	일본
6	피카츄	0	Never	10	프레셔스볼		친해지기/애교부리기/볼부비부비/천사의키스	하트스위트	게임	한국어	현장	일본	Ｐ－Caｆｅ	1095	79	ポケモンカフェの　ピカチュウ	ポケモンカフェの ピカチュウ.wc6	1542	2015-01-09	2015-03-15	local event Pokémon distributions in Generation VI	1	일본
6	아르세우스	6	Never	100	프레셔스볼		심판의뭉치/블라스트번/하이드로캐논/대지의힘	비단벌레플레이트	게임		시리얼	일본	デセルシティ	3075	81	アルセウス　プレゼント	アルセウス プレゼント.wc6	1543	2015-03-07	2015-08-31	Japanese region serial code event Pokémon distributions in Generation VI	1	일본
6	아르세우스	15	Never	100	프레셔스볼		심판의뭉치/블라스트번/하이드로캐논/대지의힘	용의플레이트	게임		시리얼	일본	デセルシティ	3075	81	アルセウス　プレゼント	アルセウス プレゼント.wc6	1544	2015-03-07	2015-08-31	Japanese region serial code event Pokémon distributions in Generation VI	1	일본
6	아르세우스	12	Never	100	프레셔스볼		심판의뭉치/블라스트번/하이드로캐논/대지의힘	우레플레이트	게임		시리얼	일본	デセルシティ	3075	81	アルセウス　プレゼント	アルセウス プレゼント.wc6	1545	2015-03-07	2015-08-31	Japanese region serial code event Pokémon distributions in Generation VI	1	일본
6	아르세우스	17	Never	100	프레셔스볼		심판의뭉치/블라스트번/하이드로캐논/대지의힘	정령플레이트	게임		시리얼	일본	デセルシティ	3075	81	アルセウス　プレゼント	アルセウス プレゼント.wc6	1546	2015-03-07	2015-08-31	Japanese region serial code event Pokémon distributions in Generation VI	1	일본
6	아르세우스	1	Never	100	프레셔스볼		심판의뭉치/블라스트번/하이드로캐논/대지의힘	주먹플레이트	게임		시리얼	일본	デセルシティ	3075	81	アルセウス　プレゼント	アルセウス プレゼント.wc6	1547	2015-03-07	2015-08-31	Japanese region serial code event Pokémon distributions in Generation VI	1	일본
6	아르세우스	9	Never	100	프레셔스볼		심판의뭉치/블라스트번/하이드로캐논/대지의힘	불구슬플레이트	게임		시리얼	일본	デセルシティ	3075	81	アルセウス　プレゼント	アルセウス プレゼント.wc6	1548	2015-03-07	2015-08-31	Japanese region serial code event Pokémon distributions in Generation VI	1	일본
6	아르세우스	7	Never	100	프레셔스볼		심판의뭉치/블라스트번/하이드로캐논/대지의힘	원령플레이트	게임		시리얼	일본	デセルシティ	3075	81	アルセウス　プレゼント	アルセウス プレゼント.wc6	1549	2015-03-07	2015-08-31	Japanese region serial code event Pokémon distributions in Generation VI	1	일본
6	아르세우스	11	Never	100	프레셔스볼		심판의뭉치/블라스트번/하이드로캐논/대지의힘	초록플레이트	게임		시리얼	일본	デセルシティ	3075	81	アルセウス　プレゼント	アルセウス プレゼント.wc6	1550	2015-03-07	2015-08-31	Japanese region serial code event Pokémon distributions in Generation VI	1	일본
6	아르세우스	4	Never	100	프레셔스볼		심판의뭉치/블라스트번/하이드로캐논/대지의힘	대지플레이트	게임		시리얼	일본	デセルシティ	3075	81	アルセウス　プレゼント	アルセウス プレゼント.wc6	1551	2015-03-07	2015-08-31	Japanese region serial code event Pokémon distributions in Generation VI	1	일본
6	아르세우스	14	Never	100	프레셔스볼		심판의뭉치/블라스트번/하이드로캐논/대지의힘	고드름플레이트	게임		시리얼	일본	デセルシティ	3075	81	アルセウス　プレゼント	アルセウス プレゼント.wc6	1552	2015-03-07	2015-08-31	Japanese region serial code event Pokémon distributions in Generation VI	1	일본
6	아르세우스	0	Never	100	프레셔스볼		심판의뭉치/블라스트번/하이드로캐논/대지의힘	실크스카프	게임	한국어	시리얼	한국	데세르시티	12235	1053	아르세우스 선물	아르세우스 선물.wc6	1702	2015-12-23	2016-02-29	Korean region serial code event Pokémon distributions in Generation VI	3	한국/일본
6	아르세우스	3	Never	100	프레셔스볼		심판의뭉치/블라스트번/하이드로캐논/대지의힘	맹독플레이트	게임		시리얼	일본	デセルシティ	3075	81	アルセウス　プレゼント	アルセウス プレゼント.wc6	1554	2015-03-07	2015-08-31	Japanese region serial code event Pokémon distributions in Generation VI	1	일본
6	아르세우스	13	Never	100	프레셔스볼		심판의뭉치/블라스트번/하이드로캐논/대지의힘	이상한플레이트	게임		시리얼	일본	デセルシティ	3075	81	アルセウス　プレゼント	アルセウス プレゼント.wc6	1555	2015-03-07	2015-08-31	Japanese region serial code event Pokémon distributions in Generation VI	1	일본
6	아르세우스	5	Never	100	프레셔스볼		심판의뭉치/블라스트번/하이드로캐논/대지의힘	암석플레이트	게임		시리얼	일본	デセルシティ	3075	81	アルセウス　プレゼント	アルセウス プレゼント.wc6	1556	2015-03-07	2015-08-31	Japanese region serial code event Pokémon distributions in Generation VI	1	일본
6	아르세우스	0	Always	100	프레셔스볼		심판의뭉치/블라스트번/하이드로캐논/대지의힘	실크스카프	게임		시리얼	일본	デセルシティ	3075	81	アルセウス　プレゼント	アルセウス プレゼント.wc6	1557	2015-03-07	2015-08-31	Japanese region serial code event Pokémon distributions in Generation VI	1	일본
6	아르세우스	8	Never	100	프레셔스볼		심판의뭉치/블라스트번/하이드로캐논/대지의힘	강철플레이트	게임		시리얼	일본	デセルシティ	3075	81	アルセウス　プレゼント	アルセウス プレゼント.wc6	1558	2015-03-07	2015-08-31	Japanese region serial code event Pokémon distributions in Generation VI	1	일본
6	아르세우스	10	Never	100	프레셔스볼		심판의뭉치/블라스트번/하이드로캐논/대지의힘	물방울플레이트	게임		시리얼	일본	デセルシティ	3075	81	アルセウス　プレゼント	アルセウス プレゼント.wc6	1559	2015-03-07	2015-08-31	Japanese region serial code event Pokémon distributions in Generation VI	1	일본
6	디아루가	0	Never	100	프레셔스볼		메탈버스트/오버히트/시간의포효/러스터캐논	금강옥	게임	한국어	시리얼	한국	데세르시티	11205	1049	디아루가 선물	디아루가 선물.wc6	1698	2015-11-20	2015-12-07	Korean region serial code event Pokémon distributions in Generation VI / local event Pokémon distributions in Generation VI	2	한국/일본
6	기라티나	1	Never	100	프레셔스볼		파동탄/용성군/섀도다이브/아이언헤드	백금옥	게임	한국어	시리얼	한국	데세르시티	11265	1051	기라티나 선물	기라티나 선물.wc6	1700	2015-11-26	2016-01-31	Korean region serial code event Pokémon distributions in Generation VI	2	한국/일본
6	그란돈	0	Never	100	프레셔스볼		불꽃펀치/솔라빔/암해머/스톤샤워	구애머리띠	게임	한국어	시리얼	한국	데세르시티	11205	1048	그란돈 선물	그란돈 선물.wc6	1697	2015-11-20	2015-12-07	Korean region serial code event Pokémon distributions in Generation VI / local event Pokémon distributions in Generation VI	2	한국/일본
6	가이오가	0	Never	100	프레셔스볼		해수스파우팅/번개/절대영도/냉동빔	구애스카프	게임	한국어	시리얼	한국	데세르시티	11205	1047	가이오가 선물	가이오가 선물.wc6	1696	2015-11-20	2015-12-07	Korean region serial code event Pokémon distributions in Generation VI / local event Pokémon distributions in Generation VI	2	한국/일본
6	큐레무	0	Never	100	프레셔스볼		얼어붙은세계/겁나는얼굴/용성군/아이언헤드	생명의구슬	게임	한국어	시리얼	한국	데세르시티	11205	1052	큐레무 선물	큐레무 선물.wc6	1701	2015-11-20	2015-12-07	Korean region serial code event Pokémon distributions in Generation VI / local event Pokémon distributions in Generation VI	2	한국/일본
6	펄기아	0	Never	100	프레셔스볼		대지의힘/파동탄/공간절단/하이드로펌프	백옥	게임	한국어	시리얼	한국	데세르시티	11205	1050	펄기아 선물	펄기아 선물.wc6	1699	2015-11-20	2015-12-07	Korean region serial code event Pokémon distributions in Generation VI / local event Pokémon distributions in Generation VI	2	한국/일본
6	푸호꼬	0	Never	15	프레셔스볼		할퀴기/화염방사/잠재파워	빨간실	게임		시리얼	일본	セレナ	2265	86	セレナのフォッコ　プレゼント	セレナのフォッコ プレゼント.wc6	1567	2015-02-26	2015-03-31	Japanese region serial code event Pokémon distributions in Generation VI	1	일본
6	갸라도스	0	Always	20	프레셔스볼		폭포오르기/물기/얼음엄니/아이언헤드	갸라도스나이트	게임	한국어	현장	일본	ＰＣひろしま	6265	94	ひろしまの　あかいギャラドス	ひろしまの あかいギャラドス.wc6	1569	2015-06-26	2015-08-31	local event Pokémon distributions in Generation VI	1	일본
6	갸라도스	0	Always	20	프레셔스볼		폭포오르기/물기/얼음엄니/아이언헤드	갸라도스나이트	게임	한국어	현장	일본	ＰＣひろしま	6265	94	ひろしまの　あかいギャラドス	ひろしまの あかいギャラドス.wc6	1570	2015-06-26	2015-08-31	local event Pokémon distributions in Generation VI	1	일본
6	잉어킹	0	Random	1	프레셔스볼		튀어오르기/축하/해피타임	별의모래	게임	한국어	현장	일본	ポケセン	6265	95	ひろしまの　コイキング	ひろしまの コイキング.wc6	1571	2015-06-26	2015-08-31	local event Pokémon distributions in Generation VI	1	일본
6	잉어킹	0	Random	1	프레셔스볼		튀어오르기/축하/해피타임	별의모래	게임	한국어	현장	일본	ポケセン	6265	95	ひろしまの　コイキング	ひろしまの コイキング.wc6	1572	2015-06-26	2015-08-31	local event Pokémon distributions in Generation VI	1	일본
6	피카츄	0	Never	50	프레셔스볼		10만볼트/전광석화/아이언테일/일렉트릭볼	전기구슬	게임		시리얼	일본	サトシ	711	99	ポケモンDSラリー2015　ピカチュウ	ポケモンDSラリー2015 ピカチュウ.wc6	1573	2015-07-18	2015-07-31	Japanese region serial code event Pokémon distributions in Generation VI	2	일본
6	판짱	0	Never	30	프레셔스볼		손바닥치기/스톤에지/악의파동	검은안경	게임		시리얼	일본	セレナ	711	100	ポケモンDSラリー2015　ヤンチャム	ポケモンDSラリー2015 ヤンチャム.wc6	1574	2015-07-18	2015-07-31	Japanese region serial code event Pokémon distributions in Generation VI	2	일본
6	루기아	0	Never	50	프레셔스볼		에어로블라스트/하이드로펌프/드래곤다이브/냉동빔	먹다남은음식	게임		시리얼	일본	７　ＳＰＯＴ	711	101	ポケモンDSラリー2015　ルギア	ポケモンDSラリー2015 ルギア.wc6	1575	2015-08-01	2015-08-16	Japanese region serial code event Pokémon distributions in Generation VI	2	일본
6	라티오스	0	Never	50	프레셔스볼		용의파동/러스터퍼지/사이코키네시스/치유파동	라티오스나이트	게임		시리얼	일본	７　ＳＰＯＴ	711	102	ポケモンDSラリー2015　ラティオス	ポケモンDSラリー2015 ラティオス.wc6	1576	2015-08-01	2015-08-16	Japanese region serial code event Pokémon distributions in Generation VI	2	일본
6	피카츄	0	Always	10	프레셔스볼		흔들흔들댄스/친해지기/꼬리흔들기/볼부비부비	시몬열매	게임	한국어	현장	일본	ヨコハマ	8085	107	踊る？ピカチュウ大量発生チュウ！	踊る？ピカチュウ大量発生チュウ！.wc6	1581	2015-08-08	2015-08-16	local event Pokémon distributions in Generation VI	1	일본
6	피카츄	0	Always	10	프레셔스볼		흔들흔들댄스/친해지기/꼬리흔들기/볼부비부비	시몬열매	게임	한국어	현장	일본	ヨコハマ	8085	107	踊る？ピカチュウ大量発生チュウ！	踊る？ピカチュウ大量発生チュウ！.wc6	1582	2015-08-08	2015-08-16	local event Pokémon distributions in Generation VI	1	일본
6	지라치	0	Never	100	프레셔스볼		하트스탬프/치근거리기/희망사항/코스믹파워	빨간실	게임	한국어	현장	일본	ひこぼし	7185	108	たなばたまつり2015　ジラーチ	たなばたまつり2015 ジラーチ.wc6	1583	2015-07-18	2015-08-16	Pokémon Center Tohoku - Tanbata Festival	2	일본
6	호바귀	3	Never	50	프레셔스볼		핼러윈/놀래키기/겁나는얼굴/야습		게임	한국어	현장	일본	ポケセン	10105	122	ハロウィンの　バケッチャ　プレゼント	ハロウィンの バケッチャ プレゼント.wc6	1585	2015-10-10	2015-11-01	Japanese region Nintendo Network event Pokémon distributions in Generation VI	1	일본
6	호바귀	3	Never	50	프레셔스볼		핼러윈/놀래키기/겁나는얼굴/야습		게임	한국어	현장	일본	ポケセン	10105	122	ハロウィンの　バケッチャ　プレゼント	ハロウィンの バケッチャ プレゼント.wc6	1586	2015-10-10	2015-11-01	Japanese region Nintendo Network event Pokémon distributions in Generation VI	1	일본
6	마기라스	0	Always	55	프레셔스볼		깨물어부수기/스톤샤워/안다리걸기/방어	생명의구슬	게임	한국어	현장	일본	ヤミらみこ	3866	130	チャンピオンの　バンギラス	チャンピオンの バンギラス.wc6	1589	2015-11-07	2015-12-06	Japanese region Nintendo Network event Pokémon distributions in Generation VI	1	일본
6	파비코리	0	Never	100	프레셔스볼		하이퍼보이스/불대문자/방어/고속이동	파비코리나이트	게임	한국어	현장	일본	ポケセン	1016	132	つよ★カワ　ピカチュウのメガキャンペーン	つよ★カワ ピカチュウのメガキャンペーン.wc6	1591	2016-01-01	2016-01-31	Pokémon Center - Mega Event Distribution	5	일본
6	파비코리	0	Never	100	프레셔스볼		하이퍼보이스/불대문자/방어/고속이동	파비코리나이트	게임	한국어	현장	일본	ポケセン	1016	132	つよ★カワ　ピカチュウのメガキャンペーン	つよ★カワ ピカチュウのメガキャンペーン.wc6	1592	2016-01-01	2016-01-31	Pokémon Center - Mega Event Distribution	5	일본
6	다부니	0	Never	100	프레셔스볼		트릭룸/치유파동/심플빔/10만볼트	다부니나이트	게임	한국어	현장	일본	ポケセン	1016	132	つよ★カワ　ピカチュウのメガキャンペーン	つよ★カワ ピカチュウのメガキャンペーン.wc6	1593	2016-01-01	2016-01-08	local event Pokémon distributions in Generation VI	5	일본
6	다부니	0	Never	100	프레셔스볼		트릭룸/치유파동/심플빔/10만볼트	다부니나이트	게임	한국어	현장	일본	ポケセン	1016	132	つよ★カワ　ピカチュウのメガキャンペーン	つよ★カワ ピカチュウのメガキャンペーン.wc6	1594	2016-01-01	2016-01-08	local event Pokémon distributions in Generation VI	5	일본
6	루카리오	0	Never	100	프레셔스볼		인파이트/파동탄/러스터캐논/전광석화	루카리오나이트	게임	한국어	현장	일본	ポケセン	1016	132	つよ★カワ　ピカチュウのメガキャンペーン	つよ★カワ ピカチュウのメガキャンペーン.wc6	1595	2016-01-01	2016-01-31	Pokémon Center - Mega Event Distribution	5	일본
6	루카리오	0	Never	100	프레셔스볼		인파이트/파동탄/러스터캐논/전광석화	루카리오나이트	게임	한국어	현장	일본	ポケセン	1016	132	つよ★カワ　ピカチュウのメガキャンペーン	つよ★カワ ピカチュウのメガキャンペーン.wc6	1596	2016-01-01	2016-01-31	Pokémon Center - Mega Event Distribution	5	일본
6	깜까미	0	Never	100	프레셔스볼		도깨비불/HP회복/도발/전격파	깜까미나이트	게임	한국어	현장	일본	ポケセン	1016	132	つよ★カワ　ピカチュウのメガキャンペーン	つよ★カワ ピカチュウのメガキャンペーン.wc6	1597	2016-01-01	2016-01-08	local event Pokémon distributions in Generation VI	5	일본
6	깜까미	0	Never	100	프레셔스볼		도깨비불/HP회복/도발/전격파	깜까미나이트	게임	한국어	현장	일본	ポケセン	1016	132	つよ★カワ　ピカチュウのメガキャンペーン	つよ★カワ ピカチュウのメガキャンペーン.wc6	1598	2016-01-01	2016-01-08	local event Pokémon distributions in Generation VI	5	일본
6	야도란	0	Never	100	프레셔스볼		열탕/트릭룸/게으름피우기/아이언테일	야도란나이트	게임	한국어	현장	일본	ポケセン	1016	132	つよ★カワ　ピカチュウのメガキャンペーン	つよ★カワ ピカチュウのメガキャンペーン.wc6	1599	2016-01-01	2016-01-31	Pokémon Center - Mega Event Distribution	5	일본
6	야도란	0	Never	100	프레셔스볼		열탕/트릭룸/게으름피우기/아이언테일	야도란나이트	게임	한국어	현장	일본	ポケセン	1016	132	つよ★カワ　ピカチュウのメガキャンペーン	つよ★カワ ピカチュウのメガキャンペーン.wc6	1600	2016-01-01	2016-01-31	Pokémon Center - Mega Event Distribution	5	일본
6	피카츄	0	Never	99	프레셔스볼		해피타임/친해지기/손에손잡기/플래시	이상한사탕	게임	한국어	현장	일본	トウホク	12205	138	スマイルパークの　ピカチュウ	スマイルパークの ピカチュウ.wc6	1641	2015-12-20	2015-12-20	local event Pokémon distributions in Generation VI	1	일본
6	피카츄	0	Never	99	프레셔스볼		해피타임/친해지기/손에손잡기/플래시	이상한사탕	게임	한국어	현장	일본	トウホク	12205	138	スマイルパークの　ピカチュウ	スマイルパークの ピカチュウ.wc6	1642	2015-12-20	2015-12-20	local event Pokémon distributions in Generation VI	1	일본
6	리자몽	0	Never	36	프레셔스볼		불꽃엄니/에어슬래시/드래곤클로/용의분노	리자몽나이트X	게임	한국어	시리얼	한국	올레 tv	4114	1004	올레 tv에서 특별한 리자몽을 선물!	올레 tv에서 특별한 리자몽을 선물!.wc6	1664	2014-04-11	2014-05-31	Korean region serial code event Pokémon distributions in Generation VI	2	한국
6	헤라크로스	0	Never	50	프레셔스볼		바늘미사일/씨기관총/지진/록블라스트	헤라크로스나이트	게임	한국어	현장	한국	WCS14K	7064	1006	WCS2014 기념! 헤라크로스를 선물!	WCS2014 기념! 헤라크로스를 선물!.wc6	1666	2014-07-06	2014-07-06	local event Pokémon distributions in Generation VI	1	한국
6	헤라크로스	0	Never	50	프레셔스볼		바늘미사일/씨기관총/지진/록블라스트	헤라크로스나이트	게임	한국어	현장	한국	WCS14K	7064	1006	WCS2014 기념! 헤라크로스를 선물!	WCS2014 기념! 헤라크로스를 선물!.wc6	1667	2014-07-06	2014-07-06	local event Pokémon distributions in Generation VI	1	한국
6	썬더볼트	0	Never	50	프레셔스볼		오버히트/10만볼트/볼트체인지/방어	썬더볼트나이트	게임	한국어	현장	한국	WCS14K	7054	1007	WCS2014 기념! 썬더볼트를 선물!	WCS2014 기념! 썬더볼트를 선물!.wc6	1668	2014-07-05	2014-07-05	local event Pokémon distributions in Generation VI	1	한국
6	썬더볼트	0	Never	50	프레셔스볼		오버히트/10만볼트/볼트체인지/방어	썬더볼트나이트	게임	한국어	현장	한국	WCS14K	7054	1007	WCS2014 기념! 썬더볼트를 선물!	WCS2014 기념! 썬더볼트를 선물!.wc6	1669	2014-07-05	2014-07-05	local event Pokémon distributions in Generation VI	1	한국
6	마기라스	0	Never	50	프레셔스볼		스톤샤워/지진/깨물어부수기/스톤에지	마기라스나이트	게임	한국어	현장	한국	WCS14K	7054	1008	WCS2014 기념! 마기라스를 선물!	WCS2014 기념! 마기라스를 선물!.wc6	1670	2014-07-05	2014-07-05	local event Pokémon distributions in Generation VI	1	한국
6	마기라스	0	Never	50	프레셔스볼		스톤샤워/지진/깨물어부수기/스톤에지	마기라스나이트	게임	한국어	현장	한국	WCS14K	7054	1008	WCS2014 기념! 마기라스를 선물!	WCS2014 기념! 마기라스를 선물!.wc6	1671	2014-07-05	2014-07-05	local event Pokémon distributions in Generation VI	1	한국
6	쁘사이저	0	Never	50	프레셔스볼		지진/칼춤/페인트/전광석화	쁘사이저나이트	게임	한국어	현장	한국	WCS14K	7054	1012	WCS2014 기념! 쁘사이저를 선물!	WCS2014 기념! 쁘사이저를 선물!.wc6	1672	2014-07-05	2014-07-05	local event Pokémon distributions in Generation VI	1	한국
6	쁘사이저	0	Never	50	프레셔스볼		지진/칼춤/페인트/전광석화	쁘사이저나이트	게임	한국어	현장	한국	WCS14K	7054	1012	WCS2014 기념! 쁘사이저를 선물!	WCS2014 기념! 쁘사이저를 선물!.wc6	1673	2014-07-05	2014-07-05	local event Pokémon distributions in Generation VI	1	한국
6	헬가	0	Never	50	프레셔스볼		화염방사/악의파동/솔라빔/오물폭탄	헬가나이트	게임	한국어	현장	한국	WCS14K	7064	1013	WCS2014 기념! 헬가를 선물!	WCS2014 기념! 헬가를 선물!.wc6	1674	2014-07-06	2014-07-06	local event Pokémon distributions in Generation VI	1	한국
6	헬가	0	Never	50	프레셔스볼		화염방사/악의파동/솔라빔/오물폭탄	헬가나이트	게임	한국어	현장	한국	WCS14K	7064	1013	WCS2014 기념! 헬가를 선물!	WCS2014 기념! 헬가를 선물!.wc6	1675	2014-07-06	2014-07-06	local event Pokémon distributions in Generation VI	1	한국
6	보스로라	0	Never	50	프레셔스볼		아이언헤드/지진/양날박치기/스톤샤워	보스로라나이트	게임	한국어	현장	한국	WCS14K	7064	1014	WCS2014 기념! 보스로라를 선물!	WCS2014 기념! 보스로라를 선물!.wc6	1676	2014-07-06	2014-07-06	local event Pokémon distributions in Generation VI	1	한국
6	보스로라	0	Never	50	프레셔스볼		아이언헤드/지진/양날박치기/스톤샤워	보스로라나이트	게임	한국어	현장	한국	WCS14K	7064	1014	WCS2014 기념! 보스로라를 선물!	WCS2014 기념! 보스로라를 선물!.wc6	1677	2014-07-06	2014-07-06	local event Pokémon distributions in Generation VI	1	한국
6	지라치	0	Never	5	프레셔스볼		희망사항/염동력/잠자기/치유소원	용아열매	게임	한국어	시리얼	한국	소원의별	8144	1015	환상의 포켓몬 지라치를 선물!	환상의 포켓몬 지라치를 선물!.wc6	1678	2014-08-05	2014-09-14	Korean region serial code event Pokémon distributions in Generation VI	1	한국
6	파치리스	0	Never	50	프레셔스볼		볼부비부비/분노의앞니/날따름/방어	자뭉열매	게임	한국어	현장	한국	박세준	11154	1019	챔피언 박세준선수의 파치리스 선물	챔피언 박세준선수의 파치리스 선물.wc6	1683	2014-11-15	2014-11-16	local event Pokémon distributions in Generation VI	1	한국
6	직구리	0	Never	50	프레셔스볼		도우미/신속/초롱초롱눈동자/방어	기합의띠	게임	한국어	시리얼	한국	WCSK15	3055	1026	신속 직구리 선물	신속 직구리 선물.wc6	1686	2015-03-12	2015-05-31	Korean region serial code event Pokémon distributions in Generation VI	1	한국
6	직구리	0	Never	50	프레셔스볼		도우미/신속/초롱초롱눈동자/방어	기합의띠	게임	한국어	시리얼	한국	WCSK15	3055	1026	신속 직구리 선물	신속 직구리 선물.wc6	1687	2015-03-12	2015-05-31	Korean region serial code event Pokémon distributions in Generation VI	1	한국
6	리자몽	0	Always	36	프레셔스볼		오버히트/솔라빔/기합구슬/날개쉬기	리자몽나이트Y	게임	한국어	시리얼	한국	올레 tv	4305	1027	올레 tv에서 색이 다른 리자몽을 선물!	올레 tv에서 색이 다른 리자몽을 선물!.wc6	1688	2015-05-10	2015-06-14	Korean region serial code event Pokémon distributions in Generation VI	1	한국
6	리자몽	0	Always	36	프레셔스볼		오버히트/솔라빔/기합구슬/날개쉬기	리자몽나이트Y	게임	한국어	시리얼	한국	올레 tv	4305	1027	올레 tv에서 색이 다른 리자몽을 선물!	올레 tv에서 색이 다른 리자몽을 선물!.wc6	1689	2015-05-10	2015-06-14	Korean region serial code event Pokémon distributions in Generation VI	2	한국
6	파치리스	0	Never	50	프레셔스볼		볼부비부비/날따름/분노의앞니/방어	자뭉열매	게임	한국어	현장	한국	박세준	4045	1028	파치리스 선물!	파치리스 선물!.wc6	1690	2015-04-05	2015-04-05	local event Pokémon distributions in Generation VI	1	한국
6	마나피	0	Never	1	프레셔스볼		반딧불/거품/물놀이/하트스왑		게임	한국어	시리얼	한국	물의일족	7235	1041	환상의 포켓몬 마나피 선물!	환상의 포켓몬 마나피 선물!.wc6	1692	2015-07-18	2015-08-31	Korean region serial code event Pokémon distributions in Generation VI	1	한국
6	피카츄	0	Always	10	프레셔스볼		흔들흔들댄스/친해지기/꼬리흔들기/볼부비부비	시몬열매	게임	한국어	현장	한국	초보트레이너	10095	1043	피카츄와 배틀에 도전!	피카츄와 배틀에 도전!.wc6	1694	2015-10-09	2015-10-11	local event Pokémon distributions in Generation VI	1	한국
6	피카츄	0	Always	10	프레셔스볼		흔들흔들댄스/친해지기/꼬리흔들기/볼부비부비	시몬열매	게임	한국어	현장	한국	초보트레이너	10095	1043	피카츄와 배틀에 도전!	피카츄와 배틀에 도전!.wc6	1695	2015-10-09	2015-10-11	local event Pokémon distributions in Generation VI	1	한국
6	갸라도스	0	Always	50	프레셔스볼		폭포오르기/난동부리기/얼음엄니/지진	갸라도스나이트	게임	한국어	현장	한국	겨울의반격	1166	1055	빨간 갸라도스 선물	빨간 갸라도스 선물.wc6	1704	2016-01-16	2016-01-17	local event Pokémon distributions in Generation VI	1	한국
6	갸라도스	0	Always	50	프레셔스볼		폭포오르기/난동부리기/얼음엄니/지진	갸라도스나이트	게임	한국어	현장	한국	겨울의반격	1166	1055	빨간 갸라도스 선물	빨간 갸라도스 선물.wc6	1705	2016-01-16	2016-01-17	local event Pokémon distributions in Generation VI	1	한국
7	잉어킹	0	Always	19	프레셔스볼		튀어오르기/뛰어오르기	이상한사탕	게임		시리얼	일본	Lunar	39056	2	Shiny Magikarp New Year present!	Shiny Magikarp New Year present!.wc7	1734	2017-01-26	2017-02-06	PAL region serial code event Pokémon distributions in Pokémon Sun Moon Ultra Sun and Ultra Moon / Taiwanese region serial code event Pokémon distributions in Pokémon Sun Moon Ultra Sun and Ultra Moon	1	일본
7	카푸꼬꼬꼭	0	Always	60	프레셔스볼		자연의분노/방전/고속이동/일렉트릭볼	일렉트릭시드	게임	한국어	현장	한국	멜레멜레	39336	2	검은 카푸꼬꼬꼭 선물	검은 카푸꼬꼬꼭 선물.wc7	2127	2017-04-08	2017-04-09	local event Pokémon distributions in Pokémon Sun Moon Ultra Sun and Ultra Moon	8	한국/일본/미국
7	실버디	0	Always	100	프레셔스볼		멀티어택/막말내뱉기/혼내기/겁나는얼굴	금색병뚜껑	게임		시리얼	일본	エーテル	26922	4000	Shiny Silvally present !	Shiny Silvally present !.wc7	1736	2017-09-22	2017-10-16	PAL region serial code event Pokémon distributions in Pokémon Sun Moon Ultra Sun and Ultra Moon / Taiwanese region serial code event Pokémon distributions in Pokémon Sun Moon Ultra Sun and Ultra Moon	2	일본
7	피카츄	1	Never	1	몬스터볼		10만볼트/전광석화/번개/고속이동		게임		시리얼	일본	Satoshi	61537	4149	Satoshi's Pikachu (Original Cap)	Satoshi's Pikachu (Original Cap).wc7	1737	2017-10-19	2017-11-23	PAL region serial code event Pokémon distributions in Pokémon Sun Moon Ultra Sun and Ultra Moon / Taiwanese region serial code event Pokémon distributions in Pokémon Sun Moon Ultra Sun and Ultra Moon	9	일본/미국/유럽
7	마샤도	0	Never	50	프레셔스볼		섀도스틸/인파이트/발경/섀도볼		게임	한국어	시리얼	한국	천청산	40149	2	환상의 포켓몬 마샤도	환상의 포켓몬 마샤도.wc7	2155	2017-12-21	2018-02-28	Korean region serial code event Pokémon distributions in Pokémon Sun Moon Ultra Sun and Ultra Moon	9	한국/일본/유럽
7	루가루암	1	Never	50	프레셔스볼		스톤에지/불꽃엄니/기습/칼춤	생명의구슬	게임		시리얼	미국	Rocky	51517	0	Rien n’échappe à Lougaroc !	Rien n’échappe à Lougaroc !.wc7	1818	2017-05-15	2017-06-05	Pokémon - Gamestop Guardians Rising Tie In Event / Pokémon - Guardians Rising Tie In Evnet	5	미국/유럽
7	염뉴트	0	Never	50	프레셔스볼		속이기/맹독/오물폭탄/화염방사	기합의띠	게임		시리얼	유럽	Clovis	20849	9263	Salazzle is ready for battle	Salazzle is ready for battle.wc7	1743	2017-08-14	2017-12-04	PAL region serial code event Pokémon distributions in Pokémon Sun Moon Ultra Sun and Ultra Moon	5	유럽
7	리자몽	0	Never	50	프레셔스볼		용의춤/플레어드라이브/공중날기/지진	레드카드	게임		시리얼	미국	Bullseye	27797	9370	Red Hot Charizard!	Red Hot Charizard!.wc7	1745	2017-10-01	2017-10-14	Pokémon Charizard GX Tie-in - Target Exclusive Distribution	3	미국
7	윈디	0	Never	50	프레셔스볼		플레어드라이브/신속/도깨비불/방어	먹다남은음식	게임	한국어	현장	미국	NA Champs 17	63017	0	Heat up your battles with Arcanine!	Heat up your battles with Arcanine!.wc7	1746	2017-06-30	2017-07-02	local event Pokémon distributions in Pokémon Sun Moon Ultra Sun and Ultra Moon	1	미국
7	나시	1	Never	50	프레셔스볼		파워스왑/축하/리프스톰/용성군	자뭉열매	게임	한국어	현장	미국	Worlds17	60377	9415	That's no palm tree—it's a Pokémon!	That's no palm tree—it's a Pokémon!.wc7	1747	2017-08-18	2017-08-20	local event Pokémon distributions in Pokémon Sun Moon Ultra Sun and Ultra Moon	1	미국
7	피카츄	6	Never	19	몬스터볼		10만볼트/전광석화/아이언테일/일렉트릭볼		게임		시리얼	미국	Sacha	6532	9569	Pikachu Casquette d'Alola	Pikachu Casquette d'Alola.wc7	1823	2017-10-24	2017-10-30	Pokémon Let's Go - Tie In-Distribution - LETSGO19PIKACHU / Pokémon I Choose You - Tie In-Distribution	10	미국/유럽
7	피카츄	2	Never	6	몬스터볼		10만볼트/전광석화/번개/아이언테일		게임		시리얼	일본	サトシ	2113	3403	サトシのピカチュウ（ホウエンキャップ）	サトシのピカチュウ（ホウエンキャップ）.wc7	2038	2017-05-03	2017-05-15	Pokémon I Choose You - Tie In-Distribution (03/05-15/05 & 02/08-14/08)	11	일본/미국/유럽
7	피카츄	5	Never	17	몬스터볼		10만볼트/전광석화/아이언테일/일렉트릭볼		게임		시리얼	일본	サトシ	46473	3404	サトシのピカチュウ（カロスキャップ）	サトシのピカチュウ（カロスキャップ）.wc7	2039	2017-06-14	2017-06-26	Pokémon I Choose You - Tie In-Distribution (14/06-26/06 & 13/09-25/09)	11	일본/미국/유럽
7	피카츄	3	Never	9	몬스터볼		10만볼트/전광석화/아이언테일/볼트태클		게임		시리얼	미국	Sacha	11959	9568	Pikachu Casquette de Sinnoh	Pikachu Casquette de Sinnoh.wc7	1827	2017-10-03	2017-10-09	Pokémon Let's Go - Tie In-Distribution - LETSGOPIKACHU09 / Pokémon I Choose You - Tie In-Distribution	10	미국/유럽
7	피카츄	4	Never	13	몬스터볼		10만볼트/전광석화/아이언테일/볼트태클		게임		시리얼	미국	Sacha	38299	9567	Pikachu Casquette d'Unys	Pikachu Casquette d'Unys.wc7	1828	2017-10-10	2017-10-16	Pokémon Let's Go - Tie In-Distribution - 13LETSGOPIKACHU / Pokémon I Choose You - Tie In-Distribution	10	미국/유럽
7	실버디	0	Always	100	프레셔스볼		멀티어택/막말내뱉기/혼내기/겁나는얼굴	금색병뚜껑	게임	한국어	시리얼	한국	에테르	39942	2	반짝이는 실버디 선물	반짝이는 실버디 선물.wc7	2150	2017-10-14	2017-11-15	Korean region serial code event Pokémon distributions in Pokémon Sun Moon Ultra Sun and Ultra Moon	6	한국/유럽
7	세레비	0	Never	30	프레셔스볼		치료방울/신비의부적/원시의힘/미래예지		게임	한국어	시리얼	한국	너도밤나무	15202	17075	시간이동포켓몬 세레비	시간이동포켓몬 세레비.wc7	2151	2017-09-22	2018-09-28	Korean region serial code event Pokémon distributions in Pokémon Sun Moon Ultra Sun and Ultra Moon	12	한국/일본/미국/유럽
7	디아루가	0	Never	60	프레셔스볼		파동탄/아이언테일/시간의포효/러스터캐논		게임		시리얼	미국	Légendes2018	20218	0	Dialga, le maître du temps !	Dialga, le maître du temps !.wc7	1832	2018-02-02	2018-02-28	Pokémon Legendary Celebration Distribution - Gamestop / Pokémon Legendary Celebration Distribution - GAME (UK)	5	미국/유럽
7	펄기아	0	Never	60	프레셔스볼		파동탄/아쿠아테일/공간절단/하이드로펌프		게임		시리얼	미국	Légendes2018	20218	0	Palkia, le maître de l’espace !	Palkia, le maître de l’espace !.wc7	1833	2018-02-02	2018-02-28	Pokémon Legendary Celebration Distribution - Gamestop / Pokémon Legendary Celebration Distribution - GAME (UK)	5	미국/유럽
7	디아루가	0	Never	100	프레셔스볼		시간의포효/파동탄/용성군/러스터캐논	금색병뚜껑	게임		시리얼	미국	Legenden2018	20218	0	Zeit für Dialga!	Zeit für Dialga!.wc7	1902	2018-02-02	2018-02-28	Pokémon Legendary Celebration Distribution - Gamestop / Pokémon Legendary Celebration Distribution - GAME (UK)	5	미국/유럽
7	펄기아	0	Never	100	프레셔스볼		공간절단/파동탄/용성군/하이드로펌프	금색병뚜껑	게임		시리얼	미국	Légendes2018	20218	0	Palkia, le maître de l’espace !	Palkia, le maître de l’espace !.wc7	1835	2018-02-02	2018-02-28	Pokémon Legendary Celebration Distribution - Gamestop / Pokémon Legendary Celebration Distribution - GAME (UK)	5	미국/유럽
7	라이코	0	Never	60	프레셔스볼		리플렉터/깨물어부수기/번개엄니/방전		게임		시리얼	미국	Légendes2018	42218	0	Raikou, l'étincelle	Raikou, l'étincelle.wc7	1836	2018-04-02	2018-04-29	Pokémon Legendary Celebration Distribution US: Target (22/04-29/04) Canada - Trainer Club Newsletter Chile - Microplay Peru - Masgamers / Pokémon Legendary Celebration Distribution	5	미국/유럽
7	앤테이	0	Never	60	프레셔스볼		짓밟기/물기/뽐내기/분연		게임		시리얼	미국	Légendes2018	42218	0	Entei, l'explosif	Entei, l'explosif.wc7	1837	2018-04-02	2018-04-29	Pokémon Legendary Celebration Distribution US: Target (22/04-29/04) Canada - Trainer Club Newsletter Chile - Microplay Peru - Masgamers / Pokémon Legendary Celebration Distribution	5	미국/유럽
7	라이코	0	Never	100	프레셔스볼		10만볼트/볼트체인지/신통력/명상	금색병뚜껑	게임	한국어	현장	한국	코리안리그	41382	17565	우뢰포켓몬 라이코 선물!	우뢰포켓몬 라이코 선물!.wc7	2183	2018-12-22	2018-12-23	local event Pokémon distributions in Pokémon Sun Moon Ultra Sun and Ultra Moon	6	한국/미국/유럽
7	앤테이	0	Never	100	프레셔스볼		성스러운불꽃/스톤에지/아이언헤드/니트로차지	금색병뚜껑	게임	한국어	현장	한국	코리안리그	41382	17565	화산포켓몬 앤테이 선물!	화산포켓몬 앤테이 선물!.wc7	2184	2018-12-22	2018-12-23	local event Pokémon distributions in Pokémon Sun Moon Ultra Sun and Ultra Moon	6	한국/미국/유럽
7	히드런	0	Never	60	프레셔스볼		깨물어부수기/겁나는얼굴/분연/회오리불꽃		게임		시리얼	미국	Légendes2018	30118	0	Heatran, le brasier	Heatran, le brasier.wc7	1840	2018-03-01	2018-03-24	Pokémon Legendary Celebration Distribution - Trainer Club Newsletter / Pokémon Legendary Celebration Distribution	5	미국/유럽
7	레지기가스	0	Never	60	프레셔스볼		사념의박치기/리벤지/잼잼펀치/이상한빛		게임		시리얼	미국	Légendes2018	30118	0	Regigigas, le colosse	Regigigas, le colosse.wc7	1841	2018-03-01	2018-03-24	Pokémon Legendary Celebration Distribution - Trainer Club Newsletter / Pokémon Legendary Celebration Distribution	5	미국/유럽
7	히드런	0	Never	100	프레셔스볼		마그마스톰/열풍/대지의힘/러스터캐논	금색병뚜껑	게임		시리얼	미국	Légendes2018	30118	0	Heatran, le brasier	Heatran, le brasier.wc7	1842	2018-03-01	2018-03-24	Pokémon Legendary Celebration Distribution - Trainer Club Newsletter / Pokémon Legendary Celebration Distribution	5	미국/유럽
7	레지기가스	0	Never	100	프레셔스볼		묵사발/드레인펀치/사념의박치기/헤비봄버	금색병뚜껑	게임		시리얼	미국	Légendes2018	30118	0	Regigigas, le colosse	Regigigas, le colosse.wc7	1843	2018-03-01	2018-03-24	Pokémon Legendary Celebration Distribution - Trainer Club Newsletter / Pokémon Legendary Celebration Distribution	5	미국/유럽
7	제르네아스	0	Never	60	프레셔스볼		지오컨트롤/우드혼/깜짝베기/문포스		게임		시리얼	미국	Légendes2018	50418	0	Xerneas, le scintillant	Xerneas, le scintillant.wc7	1844	2018-05-04	2018-05-26	Pokémon Legendary Celebration Distribution US: Gamestop Canada: EB Games / Pokémon Legendary Celebration Distribution UK/ES: GAME IT/Germany: Gamestop France: Micromania	5	미국/유럽
7	이벨타르	0	Never	60	프레셔스볼		데스윙/악의파동/고스트다이브/사이코키네시스		게임		시리얼	미국	Légendes2018	50418	0	Yveltal, le ténébreux	Yveltal, le ténébreux.wc7	1845	2018-05-04	2018-05-26	Pokémon Legendary Celebration Distribution US: Gamestop Canada: EB Games / Pokémon Legendary Celebration Distribution UK/ES: GAME IT/Germany: Gamestop France: Micromania	5	미국/유럽
7	제르네아스	0	Never	100	프레셔스볼		지오컨트롤/기합구슬/풀묶기/문포스	금색병뚜껑	게임		시리얼	미국	Légendes2018	50418	0	Xerneas, le scintillant	Xerneas, le scintillant.wc7	1846	2018-05-04	2018-05-26	Pokémon Legendary Celebration Distribution US: Gamestop Canada: EB Games / Pokémon Legendary Celebration Distribution UK/ES: GAME IT/Germany: Gamestop France: Micromania	5	미국/유럽
7	이벨타르	0	Never	100	프레셔스볼		데스윙/악의파동/열풍/순풍	금색병뚜껑	게임		시리얼	미국	Légendes2018	50418	0	Yveltal, le ténébreux	Yveltal, le ténébreux.wc7	1847	2018-05-04	2018-05-26	Pokémon Legendary Celebration Distribution US: Gamestop Canada: EB Games / Pokémon Legendary Celebration Distribution UK/ES: GAME IT/Germany: Gamestop France: Micromania	5	미국/유럽
7	지가르데	0	Always	60	프레셔스볼		그라운드포스/뱀눈초리/신비의부적/용의숨결		게임		시리얼	미국	Légendes2018	25594	9934	Un Zygarde chromatique étincelant	Un Zygarde chromatique étincelant.wc7	1848	2018-06-01	2018-06-22	Pokémon Legendary Celebration Distribution US: Gamestop Canada: EB Games / Pokémon Legendary Celebration Distribution	5	미국/유럽
7	지가르데	0	Always	100	프레셔스볼		사우전드애로/역린/신속/용의춤	금색병뚜껑	게임		시리얼	미국	Légendes2018	25594	9934	Un Zygarde chromatique étincelant	Un Zygarde chromatique étincelant.wc7	1849	2018-06-01	2018-06-22	Pokémon Legendary Celebration Distribution US: Gamestop Canada: EB Games / Pokémon Legendary Celebration Distribution	5	미국/유럽
7	토네로스	0	Never	60	프레셔스볼		에어슬래시/깨물어부수기/순풍/비바라기		게임		시리얼	미국	Légendes2018	52954	9949	Boréas, la tornade	Boréas, la tornade.wc7	1850	2018-07-06	2018-07-22	Pokémon Legendary Celebration Distribution US: Target (13/07-28/07) Canada - Trainer Clube Newsletter / Pokémon Legendary Celebration Distribution	5	미국/유럽
7	볼트로스	0	Never	60	프레셔스볼		방전/깨물어부수기/충전/나쁜음모		게임		시리얼	미국	Légendes2018	52954	9949	Fulguris, le foudroyant	Fulguris, le foudroyant.wc7	1851	2018-07-06	2018-07-22	Pokémon Legendary Celebration Distribution US: Target (13/07-28/07) Canada - Trainer Clube Newsletter / Pokémon Legendary Celebration Distribution	5	미국/유럽
7	토네로스	0	Never	100	프레셔스볼		폭풍/열풍/풀묶기/순풍	금색병뚜껑	게임	한국어	현장	한국	코리안리그	1800	17581	선풍포켓몬 토네로스 선물!	선풍포켓몬 토네로스 선물!.wc7	2185	2019-02-16	2019-02-17	local event Pokémon distributions in Pokémon Sun Moon Ultra Sun and Ultra Moon	6	한국/미국/유럽
7	볼트로스	0	Never	100	프레셔스볼		10만볼트/기합구슬/풀묶기/나쁜음모	금색병뚜껑	게임	한국어	현장	한국	코리안리그	1800	17581	뇌격포켓몬 볼트로스 선물!	뇌격포켓몬 볼트로스 선물!.wc7	2186	2019-02-16	2019-02-17	local event Pokémon distributions in Pokémon Sun Moon Ultra Sun and Ultra Moon	6	한국/미국/유럽
7	그란돈	0	Never	60	프레셔스볼		지진/단애의칼/벌크업/솔라빔		게임		시리얼	미국	Légendes2018	14078	9965	Groudon, la terre ardente	Groudon, la terre ardente.wc7	1854	2018-08-03	2018-08-25	Pokémon Legendary Celebration Distribution US: Gamestop Canada: EB Games / Pokémon Legendary Celebration Distribution UK/ES: GAME IT/Germany: Gamestop France: Micromania	5	미국/유럽
7	가이오가	0	Never	60	프레셔스볼		냉동빔/근원의파동/명상/탁류		게임		시리얼	미국	Légendes2018	14078	9965	Kyogre, le raz-de-marée	Kyogre, le raz-de-marée.wc7	1855	2018-08-03	2018-08-25	Pokémon Legendary Celebration Distribution US: Gamestop Canada: EB Games / Pokémon Legendary Celebration Distribution UK/ES: GAME IT/Germany: Gamestop France: Micromania	5	미국/유럽
7	그란돈	0	Never	100	프레셔스볼		단애의칼/대지의힘/불꽃펀치/칼춤	금색병뚜껑	게임		시리얼	미국	Légendes2018	14078	9965	Groudon, la terre ardente	Groudon, la terre ardente.wc7	1856	2018-08-03	2018-08-25	Pokémon Legendary Celebration Distribution US: Gamestop Canada: EB Games / Pokémon Legendary Celebration Distribution UK/ES: GAME IT/Germany: Gamestop France: Micromania	5	미국/유럽
7	가이오가	0	Never	100	프레셔스볼		근원의파동/냉동빔/해수스파우팅/명상	금색병뚜껑	게임		시리얼	미국	Légendes2018	14078	9965	Kyogre, le raz-de-marée	Kyogre, le raz-de-marée.wc7	1857	2018-08-03	2018-08-25	Pokémon Legendary Celebration Distribution US: Gamestop Canada: EB Games / Pokémon Legendary Celebration Distribution UK/ES: GAME IT/Germany: Gamestop France: Micromania	5	미국/유럽
7	라티오스	0	Never	60	프레셔스볼		러스터퍼지/용의파동/사이코시프트/용의숨결		게임		시리얼	미국	Légendes2018	40838	9980	Latios, la fusée	Latios, la fusée.wc7	1858	2018-09-01	2018-09-23	Pokémon Legendary Celebration Distribution - Best Buy / Pokémon Legendary Celebration Distribution	5	미국/유럽
7	라티아스	0	Never	60	프레셔스볼		미스트볼/용의파동/사이코시프트/희망사항		게임		시리얼	미국	Légendes2018	40838	9980	Latias, l'agile	Latias, l'agile.wc7	1859	2018-09-01	2018-09-23	Pokémon Legendary Celebration Distribution - Best Buy / Pokémon Legendary Celebration Distribution	5	미국/유럽
7	라티오스	0	Never	100	프레셔스볼		러스터퍼지/사이코키네시스/용성군/순풍	금색병뚜껑	게임	한국어	현장	한국	코리안리그	36008	17611	무한포켓몬 라티오스 선물!	무한포켓몬 라티오스 선물!.wc7	2187	2019-05-04	2019-05-04	local event Pokémon distributions in Pokémon Sun Moon Ultra Sun and Ultra Moon	6	한국/미국/유럽
7	라티아스	0	Never	100	프레셔스볼		미스트볼/사이코키네시스/용성군/순풍	금색병뚜껑	게임	한국어	현장	한국	코리안리그	36008	17611	무한포켓몬 라티아스 선물!	무한포켓몬 라티아스 선물!.wc7	2188	2019-05-04	2019-05-04	local event Pokémon distributions in Pokémon Sun Moon Ultra Sun and Ultra Moon	6	한국/미국/유럽
7	레시라무	0	Never	60	프레셔스볼		베어가르기/신통력/크로스플레임/용의파동		게임		시리얼	미국	Légendes2018	2662	9996	Reshiram, la fournaise	Reshiram, la fournaise.wc7	1862	2018-10-05	2018-10-21	Pokémon Legendary Celebration Distribution US - Target Canada - Trainer Club newsletter / Pokémon Legendary Celebration Distribution	5	미국/유럽
7	제크로무	0	Never	60	프레셔스볼		베어가르기/사념의박치기/크로스썬더/드래곤클로		게임		시리얼	미국	Légendes2018	2662	9996	Zekrom, l'électrique	Zekrom, l'électrique.wc7	1863	2018-10-05	2018-10-21	Pokémon Legendary Celebration Distribution US - Target Canada - Trainer Club newsletter / Pokémon Legendary Celebration Distribution	5	미국/유럽
7	레시라무	0	Never	100	프레셔스볼		크로스플레임/푸른불꽃/용성군/대지의힘	금색병뚜껑	게임	한국어	현장	한국	코리안리그	53072	17626	백양포켓몬 레시라무 선물!	백양포켓몬 레시라무 선물!.wc7	2189	2019-06-08	2019-06-09	local event Pokémon distributions in Pokémon Sun Moon Ultra Sun and Ultra Moon	6	한국/미국/유럽
7	제크로무	0	Never	100	프레셔스볼		크로스썬더/뇌격/역린/스톤에지	금색병뚜껑	게임	한국어	현장	한국	코리안리그	53072	17626	흑음포켓몬 제크로무 선물!	흑음포켓몬 제크로무 선물!.wc7	2190	2019-06-08	2019-06-09	local event Pokémon distributions in Pokémon Sun Moon Ultra Sun and Ultra Moon	6	한국/미국/유럽
7	칠색조	0	Never	60	프레셔스볼		불사르기/성스러운불꽃/신통력/원시의힘		게임		시리얼	미국	Légendes2018	29322	10011	Ho-Oh, l'ascendant	Ho-Oh, l'ascendant.wc7	1866	2018-11-02	2018-11-25	Pokémon Legendary Celebration Distribution	5	미국/유럽
7	루기아	0	Never	60	프레셔스볼		스킬스왑/에어로블라스트/신통력/원시의힘		게임		시리얼	미국	Légendes2018	29322	10011	Lugia, la flèche	Lugia, la flèche.wc7	1867	2018-11-02	2018-11-25	Pokémon Legendary Celebration Distribution	5	미국/유럽
7	칠색조	0	Never	100	프레셔스볼		성스러운불꽃/브레이브버드/지진/순풍	금색병뚜껑	게임		시리얼	미국	Légendes2018	29322	10011	Ho-Oh, l'ascendant	Ho-Oh, l'ascendant.wc7	1868	2018-11-02	2018-11-25	Pokémon Legendary Celebration Distribution	5	미국/유럽
7	루기아	0	Never	100	프레셔스볼		에어로블라스트/대지의힘/사이코키네시스/순풍	금색병뚜껑	게임		시리얼	미국	Légendes2018	29322	10011	Lugia, la flèche	Lugia, la flèche.wc7	1869	2018-11-02	2018-11-25	Pokémon Legendary Celebration Distribution	5	미국/유럽
7	악비아르	0	Never	50	프레셔스볼		지진/깨물어부수기/도발/방어		1		현장	일본	ルイ	11290	10148	Make them quake with Krookodile!	Make them quake with Krookodile!.wc7	1796	2018-07-06	2018-07-08	local event Pokémon distributions in Pokémon Sun Moon Ultra Sun and Ultra Moon	1	일본
7	베베놈	0	Always	40	프레셔스볼		베놈트랩/나쁜음모/독찌르기/용의파동		게임	한국어	시리얼	한국	울트라	16619	17367	빛나는 베베놈/섬광의 아고용	빛나는 베베놈/섬광의 아고용.wc7	2172	2018-03-31	2018-03-31	Korean region serial code event Pokémon distributions in Pokémon Sun Moon Ultra Sun and Ultra Moon / local event Pokémon distributions in Pokémon Sun Moon Ultra Sun and Ultra Moon	7	한국/일본/유럽
7	제라오라	0	Never	50	프레셔스볼		플라스마피스트/번개펀치/인파이트/번개	풍선	게임	한국어	시리얼	한국	후우라시티	56035	17519	환상의 포켓몬 제라오라	환상의 포켓몬 제라오라.wc7	2181	2018-12-19	2019-02-28	Korean region serial code event Pokémon distributions in Pokémon Sun Moon Ultra Sun and Ultra Moon	8	한국/일본/유럽
7	메로엣타	0	Never	50	프레셔스볼		노래하기/축하/돌림노래/옛노래	메트로놈	게임	한국어	현장	미국	Worlds18	25394	10209	Sing along with Meloetta!	Sing along with Meloetta!.wc7	1799	2018-08-24	2018-08-26	local event Pokémon distributions in Pokémon Sun Moon Ultra Sun and Ultra Moon	1	미국
7	트리토돈	0	Always	50	프레셔스볼		대지의힘/냉동빔/HP회복/방어		2		현장	미국	Paul	62987	10437	Weather the storm with Gastrodon!	Weather the storm with Gastrodon!.wc7	1800	2019-06-21	2019-06-23	local event Pokémon distributions in Pokémon Sun Moon Ultra Sun and Ultra Moon	1	미국
7	프테라	0	Never	50	프레셔스볼		원시의힘/록커트/와이드가드/축하	귀중한뼈	게임	한국어	현장	미국	Worlds19	33811	10453	Unearth Aerodactyl’s primeval power!	Unearth Aerodactyl’s primeval power!.wc7	1801	2019-08-16	2019-08-18	local event Pokémon distributions in Pokémon Sun Moon Ultra Sun and Ultra Moon	1	미국
7	솔가레오	0	Always	60	프레셔스볼		메테오드라이브/사념의박치기/부르짖기/아침햇살	금색병뚜껑	게임	한국어	시리얼	한국	이클립스	38923	17672	색이 다른 솔가레오 선물	색이 다른 솔가레오 선물.wc7	2191	2019-11-15	2019-12-31	Korean region serial code event Pokémon distributions in Pokémon Sun Moon Ultra Sun and Ultra Moon	7	한국/일본/유럽
7	루나아라	0	Always	60	프레셔스볼		섀도레이/사이코쇼크/문포스/달빛	금색병뚜껑	게임	한국어	시리얼	한국	이클립스	38923	17672	색이 다른 루나아라 선물	색이 다른 루나아라 선물.wc7	2192	2019-11-15	2019-12-31	Korean region serial code event Pokémon distributions in Pokémon Sun Moon Ultra Sun and Ultra Moon	7	한국/일본/유럽
7	먹고자	0	Never	5	프레셔스볼		몸통박치기/손가락흔들기/적당히손봐주기/해피타임		게임	한국어	인터넷	한국		0	0	먹고자와 잠만보Z를 선물	먹고자와 잠만보Z를 선물.wc7	2194	2016-11-18	2017-01-11	Korean region Nintendo Network event Pokémon distributions in Pokémon Sun Moon Ultra Sun and Ultra Moon	7	한국/일본/미국
7	암멍이	1	Never	10	프레셔스볼		몸통박치기/물기/번개엄니/해피타임	기합의머리띠	게임	한국어	인터넷	한국		0	0	암멍이 선물	암멍이 선물.wc7	2195	2017-11-17	2018-01-10	Korean region Nintendo Network event Pokémon distributions in Pokémon Sun Moon Ultra Sun and Ultra Moon	7	한국/일본/미국
7	암멍이	1	Never	10	프레셔스볼		몸통박치기/물기/불꽃엄니/해피타임	기합의머리띠	게임	한국어	인터넷	한국		0	0	암멍이 선물	암멍이 선물.wc7	2196	2017-11-17	2018-01-10	Korean region Nintendo Network event Pokémon distributions in Pokémon Sun Moon Ultra Sun and Ultra Moon	7	한국/일본/미국
7	따라큐	0	Always	50	프레셔스볼		흉내내기/가로채기/트릭/길동무	이상한사탕	게임	한국어	시리얼	한국	PGL	49954	2	색이 다른 따라큐 선물	색이 다른 따라큐 선물.wc7	2197	2018-11-13	2018-12-20	Korean region serial code event Pokémon distributions in Pokémon Sun Moon Ultra Sun and Ultra Moon	7	한국/일본/유럽
7	카푸나비나	0	Always	60	프레셔스볼		자연의분노/신통력/부추기기/문포스	사이코시드	게임	한국어	시리얼	한국	아칼라	50058	2	색이 다른 카푸나비나 선물	색이 다른 카푸나비나 선물.wc7	2198	2018-12-18	2019-01-31	Korean region serial code event Pokémon distributions in Pokémon Sun Moon Ultra Sun and Ultra Moon	7	한국/일본/유럽
7	카푸브루루	0	Always	60	프레셔스볼		자연의분노/사념의박치기/메가혼/로켓박치기	그래스시드	게임	한국어	시리얼	한국	울라울라	59150	2	색이 다른 카푸브루루 선물	색이 다른 카푸브루루 선물.wc7	2199	2019-03-19	2019-04-30	Korean region serial code event Pokémon distributions in Pokémon Sun Moon Ultra Sun and Ultra Moon	7	한국/일본/유럽
7	카푸느지느	0	Always	60	프레셔스볼		자연의분노/탁류/아쿠아링/하이드로펌프	미스트시드	게임	한국어	시리얼	한국	포니	59452	2	색이 다른 카푸느지느 선물	색이 다른 카푸느지느 선물.wc7	2200	2019-06-11	2019-07-30	Korean region serial code event Pokémon distributions in Pokémon Sun Moon Ultra Sun and Ultra Moon	7	한국/일본/유럽
7	카푸꼬꼬꼭	0	Always	60	프레셔스볼		10만볼트/매지컬샤인/볼트체인지/자연의분노	일렉트릭시드	게임	한국어	시리얼	한국	멜레멜레	36188	24981	색이 다른 카푸꼬꼬꼭 선물	색이 다른 카푸꼬꼬꼭 선물.wc7	2201	2019-10-18	2019-11-29	Korean region serial code event Pokémon distributions in Pokémon Sun Moon Ultra Sun and Ultra Moon	7	한국/일본/유럽
7	몽나	0	Never	39	드림볼		최면술/꿈먹기/잠자기/잠꼬대		게임	한국어	시리얼	한국	주리	28598	24995	주리의 몽나 선물	주리의 몽나 선물.wc7	2202	2019-11-26	2020-02-24	Korean region serial code event Pokémon distributions in Pokémon Sun Moon Ultra Sun and Ultra Moon	7	한국/일본/미국/유럽
7	큐아링	0	Never	10	프레셔스볼		축하/씨뿌리기/드레인키스/매지컬리프		게임	한국어	현장	일본	ポケセン♪	30046	2	おたんじょうび　おめでとう！	おたんじょうび おめでとう！.wc7	2024	2016-11-18	2017-10-31	local event Pokémon distributions in Pokémon Sun Moon Ultra Sun and Ultra Moon	3	일본
7	이브이	0	Never	10	프레셔스볼		축하/모래뿌리기/초롱초롱눈동자		게임	한국어	현장	일본	ポケセン♪	30046	2	おたんじょうび　おめでとう！	おたんじょうび おめでとう！.wc7	2025	2016-11-18	2017-10-31	local event Pokémon distributions in Pokémon Sun Moon Ultra Sun and Ultra Moon	3	일본
7	피카츄	0	Never	10	프레셔스볼		축하/울음소리/친해지기/전광석화		게임	한국어	현장	일본	ポケセン♪	30046	2	おたんじょうび　おめでとう！	おたんじょうび おめでとう！.wc7	2026	2016-11-18	2017-10-31	local event Pokémon distributions in Pokémon Sun Moon Ultra Sun and Ultra Moon	1	일본
7	식스테일	1	Never	10	프레셔스볼		축하/꼬리흔들기/초롱초롱눈동자/얼음뭉치		게임	한국어	현장	일본	サッポロ	30129	2	サッポロおひっこし　アローラロコン	サッポロおひっこし アローラロコン.wc7	2027	2016-12-01	2017-01-31	local event Pokémon distributions in Pokémon Sun Moon Ultra Sun and Ultra Moon	1	일본
7	괴력몬	0	Never	34	프레셔스볼		괴력/벌크업/패스트가드/이판사판태클		게임	한국어	현장	일본	サオリ	7822	3344	サオリの　カイリキー	サオリの カイリキー.wc7	2028	2017-02-08	2017-02-28	Japanese region Nintendo Network event Pokémon distributions in Pokémon Sun Moon Ultra Sun and Ultra Moon	1	일본
7	할비롱	0	Random	1	프레셔스볼	알	친해지기/에코보이스/폭풍		게임	한국어	현장	한국		0	0	포켓몬의 알 선물	포켓몬의 알 선물.wc7	2132	2017-04-29	2017-05-07	local event Pokémon distributions in Pokémon Sun Moon Ultra Sun and Ultra Moon	2	한국/일본
7	미끄메라	0	Random	1	프레셔스볼	알	누르기/용의파동/카운터		게임	한국어	현장	한국		0	0	포켓몬의 알 선물	포켓몬의 알 선물.wc7	2133	2017-04-29	2017-05-07	Pokémon Pop-up Store Distribution	2	한국/일본
7	시마사리	0	Random	1	프레셔스볼	알	맹독/비축하기/꿀꺽		게임	한국어	현장	한국		0	0	포켓몬의 알 선물	포켓몬의 알 선물.wc7	2134	2017-04-29	2017-05-07	Pokémon Pop-up Store Distribution	2	한국/일본
7	하랑우탄	0	Random	1	프레셔스볼	알	지휘/사이코키네시스/사이코필드		게임	한국어	현장	한국		0	0	포켓몬의 알 선물	포켓몬의 알 선물.wc7	2135	2017-04-29	2017-05-07	Pokémon Pop-up Store Distribution	2	한국/일본
7	내던숭이	0	Random	1	프레셔스볼	알	기프트패스/내던지기/페인트		게임	한국어	현장	한국		0	0	포켓몬의 알 선물	포켓몬의 알 선물.wc7	2136	2017-04-29	2017-05-07	Pokémon Pop-up Store Distribution	2	한국/일본
7	폭거북스	0	Random	1	프레셔스볼	알	화염방사/누르기/와이드가드		게임	한국어	현장	한국		0	0	포켓몬의 알 선물	포켓몬의 알 선물.wc7	2137	2017-04-29	2017-05-07	Pokémon Pop-up Store Distribution	2	한국/일본
7	이븐곰	0	Never	50	프레셔스볼		초롱초롱눈동자/세차게휘두르기/엄청난힘/조이기	조임밴드	게임	한국어	현장	일본	ポケセン	3375	3390	きんきゅうほかく！　キテルグマ！	きんきゅうほかく！ キテルグマ！.wc7	2036	2017-04-15	2017-05-07	local event Pokémon distributions in Pokémon Sun Moon Ultra Sun and Ultra Moon	1	일본
7	피카츄	6	Never	20	몬스터볼		10만볼트/전광석화/아이언테일/일렉트릭볼		게임	한국어	시리얼	한국	지우	40149	2	지우의 피카츄(알로라캡)	지우의 피카츄(알로라캡).wc7	2168	2017-12-21	2018-02-28	Korean region serial code event Pokémon distributions in Pokémon Sun Moon Ultra Sun and Ultra Moon	3	한국/일본
7	피카츄	3	Never	10	몬스터볼		10만볼트/전광석화/아이언테일/볼트태클		게임		시리얼	일본	サトシ	41920	3403	サトシのピカチュウ（シンオウキャップ）	サトシのピカチュウ（シンオウキャップ）.wc7	2041	2017-05-17	2017-05-29	Pokémon I Choose You - Tie In-Distribution (17/05-29/05 & 16/08-28/08)	1	일본
7	피카츄	4	Never	14	몬스터볼		10만볼트/전광석화/아이언테일/볼트태클		게임		시리얼	일본	サトシ	16379	3404	サトシのピカチュウ（イッシュキャップ）	サトシのピカチュウ（イッシュキャップ）.wc7	2042	2017-05-31	2017-06-12	Pokémon I Choose You - Tie In-Distribution (31/05-12/06 & 30/08-11/09)	1	일본
7	리자몽	0	Never	40	프레셔스볼		플레어드라이브/드래곤클로/공중날기/용의분노		게임		시리얼	일본	コロコロ	39304	3426	コロコロ40しゅうねん　リザードン	コロコロ40しゅうねん リザードン.wc7	2043	2017-03-15	2017-05-14	CoroCoro April 2017 Issue - No. 1 Pok�mon Distribution Gift	1	일본
7	피카츄	0	Never	10	프레셔스볼		기프트패스/손에손잡기/은혜갚기/친해지기	하트스위트	게임		시리얼	일본	トウホク	53927	3466	トウホクへのギフトパス♡	トウホクへのギフトパス♡.wc7	2044	2017-03-11	2017-03-31	Pokémon with You - Donation Gift	2	일본
7	칠색조	0	Never	100	프레셔스볼		성스러운불꽃/브레이브버드/HP회복/신비의부적	성스러운분말	게임	한국어	시리얼	한국	천청산	40149	2	천청산의 칠색조	천청산의 칠색조.wc7	2159	2017-12-21	2018-01-31	Korean region serial code event Pokémon distributions in Pokémon Sun Moon Ultra Sun and Ultra Moon	2	한국/일본
7	에브이	0	Never	50	프레셔스볼		사이코키네시스/매지컬샤인/섀도볼/리플렉터		게임	한국어	현장	한국	포켓몬스토어	58715	17000	이브이 프렌즈 선물 이벤트	이브이 프렌즈 선물 이벤트.wc7	2139	2017-07-15	2017-07-23	Pokémon Eevee Distribution	2	한국/일본
7	부스터	0	Never	50	프레셔스볼		플레어드라이브/객기/도깨비불/전광석화		게임	한국어	현장	한국	포켓몬스토어	58715	17000	이브이 프렌즈 선물 이벤트	이브이 프렌즈 선물 이벤트.wc7	2140	2017-07-15	2017-07-23	local event Pokémon distributions in Pokémon Sun Moon Ultra Sun and Ultra Moon	2	한국/일본
7	글레이시아	0	Never	50	프레셔스볼		눈보라/섀도볼/싸라기눈/오로라베일		게임	한국어	현장	한국	포켓몬스토어	58715	17000	이브이 프렌즈 선물 이벤트	이브이 프렌즈 선물 이벤트.wc7	2141	2017-07-15	2017-07-23	Pokémon Eevee Distribution	2	한국/일본
7	쥬피썬더	0	Never	50	프레셔스볼		10만볼트/섀도볼/빛의장막/볼트체인지		게임	한국어	현장	한국	포켓몬스토어	58715	17000	이브이 프렌즈 선물 이벤트	이브이 프렌즈 선물 이벤트.wc7	2142	2017-07-15	2017-07-23	Pokémon Eevee Distribution	2	한국/일본
7	리피아	0	Never	50	프레셔스볼		리프블레이드/칼춤/쾌청/광합성		게임	한국어	현장	한국	포켓몬스토어	58715	17000	이브이 프렌즈 선물 이벤트	이브이 프렌즈 선물 이벤트.wc7	2143	2017-07-15	2017-07-23	Pokémon Eevee Distribution	2	한국/일본
7	님피아	0	Never	50	프레셔스볼		파괴광선/드레인키스/사이코쇼크/명상		게임	한국어	현장	한국	포켓몬스토어	58715	17000	이브이 프렌즈 선물 이벤트	이브이 프렌즈 선물 이벤트.wc7	2144	2017-07-15	2017-07-23	local event Pokémon distributions in Pokémon Sun Moon Ultra Sun and Ultra Moon	2	한국/일본
7	블래키	0	Never	50	프레셔스볼		바크아웃/맹독/방어/달빛		게임	한국어	현장	한국	포켓몬스토어	58715	17000	이브이 프렌즈 선물 이벤트	이브이 프렌즈 선물 이벤트.wc7	2145	2017-07-15	2017-07-23	Pokémon Eevee Distribution	2	한국/일본
7	샤미드	0	Never	50	프레셔스볼		열탕/냉동빔/비바라기/잠자기		게임	한국어	현장	한국	포켓몬스토어	58715	17000	이브이 프렌즈 선물 이벤트	이브이 프렌즈 선물 이벤트.wc7	2146	2017-07-15	2017-07-23	Pokémon Eevee Distribution	2	한국/일본
7	비크티니	0	Never	15	프레셔스볼		V제너레이트/기사회생/어시스트파워/축하		게임	한국어	현장	일본	トウホク	25158	3527	トウホクおひっこし　ビクティニ	トウホクおひっこし ビクティニ.wc7	2055	2017-06-30	2017-09-03	local event Pokémon distributions in Pokémon Sun Moon Ultra Sun and Ultra Moon	1	일본
7	지라치	0	Never	15	프레셔스볼		스피드스타/희망사항/치유소원/잠자기	별의조각	게임	한국어	현장	일본	たなばた	42294	3542	たなばたジラーチ	たなばたジラーチ.wc7	2056	2017-08-06	2017-08-13	local event Pokémon distributions in Pokémon Sun Moon Ultra Sun and Ultra Moon	1	일본
7	달무리나	0	Never	20	프레셔스볼		매지컬리프/연속뺨치기/달콤한향기	진노랑꿀	게임	한국어	시리얼	한국	마오	44263	17046	마오의 달무리나 선물	마오의 달무리나 선물.wc7	2149	2017-09-19	2017-10-31	마오의 달무리나 — 암호 ALOLASTEW762, 9/19 애니맥스 방영 때 공개 (ID 170919). Serebii·PokéWiki 의 6/17~25 는 일본 날짜	3	한국/일본
7	폭거북스	0	Never	30	프레셔스볼		화염방사/트랩셸/드래곤테일	튼튼밀크	게임	한국어	시리얼	한국	키아웨	10236	17016	키아웨의 폭거북스 선물	키아웨의 폭거북스 선물.wc7	2147	2017-08-12	2017-09-30	Korean region serial code event Pokémon distributions in Pokémon Sun Moon Ultra Sun and Ultra Moon	3	한국/일본
7	식스테일	1	Never	10	프레셔스볼		눈싸라기	실크스카프	게임	한국어	인터넷	한국	릴리에	27206	17031	릴리에의 하양이 선물	릴리에의 하양이 선물.wc7	2148	2017-08-24	2017-08-24	Korean region serial code event Pokémon distributions in Pokémon Sun Moon Ultra Sun and Ultra Moon	3	한국/일본
7	뮤	0	Never	50	프레셔스볼		사이코키네시스/배리어/손가락흔들기/변신		게임	한국어	현장	일본	２０ＴＨ	36462	3646	えいが「ミュウツーの逆襲」のミュウ	えいが「ミュウツーの逆襲」のミュウ.wc7	2060	2017-09-04	2017-09-18	local event Pokémon distributions in Pokémon Sun Moon Ultra Sun and Ultra Moon	3	일본
7	리자몽	0	Never	40	몬스터볼		화염방사/용의분노/베어가르기/지구던지기		게임	한국어	현장	한국	지우	40143	2	너로 정했다! 지우의 리자몽	너로 정했다! 지우의 리자몽.wc7	2157	2017-12-15	2017-12-25	local event Pokémon distributions in Pokémon Sun Moon Ultra Sun and Ultra Moon	3	한국/일본
7	팽도리	0	Never	30	몬스터볼		하이드로펌프/거품광선/바다회오리/회전부리		게임	한국어	현장	한국	다연	49056	17168	너로 정했다! 다연의 팽도리	너로 정했다! 다연의 팽도리.wc7	2156	2017-11-06	2017-11-10	local event Pokémon distributions in Pokémon Sun Moon Ultra Sun and Ultra Moon	3	한국/일본
7	루카리오	0	Never	40	몬스터볼		파동탄/무릎차기/용의파동/신속		게임	한국어	인터넷	한국	민준	40137	2	너로 정했다! 민준의 루카리오	너로 정했다! 민준의 루카리오.wc7	2158	2017-12-09	2018-01-31	Korean region serial code event Pokémon distributions in Pokémon Sun Moon Ultra Sun and Ultra Moon	3	한국/일본
7	루나톤	0	Never	30	프레셔스볼		코스믹파워/잠재파워/문포스/파워젬	혜성조각	게임		시리얼	일본	サクジ	32166	3710	ポケモンミステリーファイル　ルナ…	ポケモンミステリーファイル ルナ….wc7	2066	2017-07-26	2017-10-31	Pokémon Daisuki Club - Mystery File	1	일본
7	솔록	0	Never	30	프레셔스볼		코스믹파워/잠재파워/솔라빔/스톤에지	혜성조각	게임		시리얼	일본	サクジ	32166	3710	ポケモンミステリーファイル　ソル…	ポケモンミステリーファイル ソル….wc7	2067	2017-07-26	2017-10-31	Pokémon Daisuki Club - Mystery File	1	일본
7	따라큐	0	Always	10	프레셔스볼		놀래키기/치근거리기/흉내쟁이/대타출동	이상한사탕	게임	한국어	현장	한국	포켓몬스토어	29695	17092	색이 다른 따라큐 선물	색이 다른 따라큐 선물.wc7	2152	2017-10-07	2017-10-08	local event Pokémon distributions in Pokémon Sun Moon Ultra Sun and Ultra Moon	2	한국/일본
7	피카츄	0	Never	10	프레셔스볼		손에손잡기/친해지기/흔들흔들댄스/해피타임		게임	한국어	현장	일본	カーニバル	2937	3802	ピカチュウのおさんぽ	ピカチュウのおさんぽ.wc7	2076	2017-08-09	2017-08-15	local event Pokémon distributions in Pokémon Sun Moon Ultra Sun and Ultra Moon	1	일본
7	따라큐	0	Never	10	프레셔스볼		흉내쟁이/초롱초롱눈동자/튀어오르기/놀래키기		게임	한국어	현장	일본	カーニバル	19902	3817	ピカチュウ・カーニバル・パレード	ピカチュウ・カーニバル・パレード.wc7	2077	2017-08-14	2017-08-14	local event Pokémon distributions in Pokémon Sun Moon Ultra Sun and Ultra Moon	1	일본
7	메타몽	0	Never	10	프레셔스볼		변신	전기구슬	게임	한국어	현장	일본	カーニバル	19902	3817	ピカチュウ・カーニバル・パレード	ピカチュウ・カーニバル・パレード.wc7	2078	2017-08-14	2017-08-14	Pikachu Outbreakchu Distribution	1	일본
7	피카츄	0	Never	10	프레셔스볼		울음소리/전광석화/전기쇼크/해피타임		게임	한국어	현장	일본	カーニバル	19902	3817	ピカチュウ・カーニバル・パレード	ピカチュウ・カーニバル・パレード.wc7	2079	2017-08-14	2017-08-14	Pikachu Outbreakchu Distribution	1	일본
7	마나피	0	Never	15	프레셔스볼		반딧불/물의파동/아쿠아링/하트스왑		게임		시리얼	일본	ゼンリョク	22593	3878	ゼンリョク2017　マナフィ	ゼンリョク2017 マナフィ.wc7	2083	2017-12-01	2018-04-30	Pokémon Scrap - Mythical Distribution	1	일본
7	메로엣타	0	Never	15	프레셔스볼		노래하기/사이코키네시스/인파이트		게임		시리얼	일본	ゼンリョク	39553	3893	ゼンリョク2017　メロエッタ	ゼンリョク2017 メロエッタ.wc7	2084	2017-12-01	2018-04-30	Pokémon Scrap - Mythical Distribution	1	일본
7	후파	0	Never	15	프레셔스볼		섀도볼/나쁜음모/사이코키네시스/이차원홀		게임		시리얼	일본	ゼンリョク	56513	3908	ゼンリョク2017　フーパ	ゼンリョク2017 フーパ.wc7	2085	2017-12-01	2018-04-30	Pokémon Scrap - Mythical Distribution	1	일본
7	로토무	0	Never	10	프레셔스볼		소란피기/비밀이야기/차밍보이스		게임		시리얼	일본	ククイ	46381	4076	スマートフォンに　はいりこんでいた　ロトム	スマートフォンに はいりこんでいた ロトム.wc7	2086	2017-11-17	No End Date	Pokémon Ultra Sun & Ultra Moon - LINE Tie-In Distribution	1	일본
7	아르세우스	0	Never	100	프레셔스볼		심판의뭉치/신속/HP회복/파괴광선		게임		시리얼	일본	コロコロ	23763	4107	まぼろしのポケモン　アルセウス	まぼろしのポケモン アルセウス.wc7	2087	2018-01-15	2018-03-14	Pokémon CoroCoro February 2017 Distribution	1	일본
7	피카츄	0	Never	10	프레셔스볼		축하/울음소리/친해지기/전광석화		게임	한국어	현장	일본	ポケセン♪	40029	2	おたんじょうび　おめでとう！	おたんじょうび おめでとう！.wc7	2090	2017-11-01	2018-11-15	7. Generation Japan	2	일본
7	그란돈	0	Always	60	프레셔스볼		지진/단애의칼/벌크업/솔라빔		게임	한국어	시리얼	한국	울트라	64991	17351	색이 다른 그란돈 선물	색이 다른 그란돈 선물.wc7	2170	2018-01-27	2018-01-28	Korean region serial code event Pokémon distributions in Pokémon Sun Moon Ultra Sun and Ultra Moon / local event Pokémon distributions in Pokémon Sun Moon Ultra Sun and Ultra Moon	2	한국/일본
7	가이오가	0	Always	60	프레셔스볼		냉동빔/근원의파동/명상/탁류		게임	한국어	인터넷	한국	울트라	64991	17351	색이 다른 가이오가 선물	색이 다른 가이오가 선물.wc7	2171	2018-01-27	2018-01-28	Korean region serial code event Pokémon distributions in Pokémon Sun Moon Ultra Sun and Ultra Moon / local event Pokémon distributions in Pokémon Sun Moon Ultra Sun and Ultra Moon	2	한국/일본
7	니드킹	0	Never	68	프레셔스볼		지진/독찌르기/지옥찌르기/아쿠아테일		게임	한국어	현장	일본	サカキ	45336	4244	Ｒロケットだんサカキの　ニドキング	Ｒロケットだんサカキの ニドキング.wc7	2094	2018-01-20	2018-02-02	local event Pokémon distributions in Pokémon Sun Moon Ultra Sun and Ultra Moon	1	일본
7	크로뱃	0	Never	64	프레셔스볼		에어슬래시/맹독/악의파동/오물폭탄		게임	한국어	현장	일본	マツブサ	62296	4259	Ｒロケットだんマツブサの　クロバット	Ｒロケットだんマツブサの クロバット.wc7	2095	2018-01-20	2018-02-02	local event Pokémon distributions in Pokémon Sun Moon Ultra Sun and Ultra Moon	1	일본
7	그라에나	0	Never	64	프레셔스볼		깨물어부수기/불꽃엄니/번개엄니/얼음엄니		게임	한국어	현장	일본	アオギリ	13720	4275	Ｒロケットだんアオギリの　グラエナ	Ｒロケットだんアオギリの グラエナ.wc7	2096	2018-01-20	2018-02-02	local event Pokémon distributions in Pokémon Sun Moon Ultra Sun and Ultra Moon	1	일본
7	돈크로우	0	Never	65	프레셔스볼		깜짝베기/불새/열풍/얼어붙은바람		게임	한국어	현장	일본	アカギ	30680	4290	Ｒロケットだんアカギの　ドンカラス	Ｒロケットだんアカギの ドンカラス.wc7	2097	2018-01-20	2018-02-02	local event Pokémon distributions in Pokémon Sun Moon Ultra Sun and Ultra Moon	1	일본
7	데스니칸	0	Never	66	프레셔스볼		도깨비불/섀도볼/파워셰어/악의파동		게임	한국어	현장	일본	ゲーチス	47640	4305	Ｒロケットだんゲーチスの　デスカーン	Ｒロケットだんゲーチスの デスカーン.wc7	2098	2018-01-20	2018-02-02	local event Pokémon distributions in Pokémon Sun Moon Ultra Sun and Ultra Moon	1	일본
7	비조도	0	Never	65	프레셔스볼		속이기/더블촙/무릎차기/유턴		게임	한국어	현장	일본	フラダリ	64600	4320	Ｒロケットだんフラダリの　コジョンド	Ｒロケットだんフラダリの コジョンド.wc7	2099	2018-01-20	2018-02-02	local event Pokémon distributions in Pokémon Sun Moon Ultra Sun and Ultra Moon	1	일본
7	코산호	0	Never	50	하이퍼볼		몸통박치기/파워젬		게임		시리얼	일본	はじめ	32978	4351	はじめしゃちょーの　サニーゴ	はじめしゃちょーの サニーゴ.wc7	2100	2018-01-14	2018-01-14	Pokémon Dragon King Tournament - NicoNico Distribution	1	일본
7	잠만보	0	Never	30	프레셔스볼		쾌청/블록/누르기/축하	만복향로	게임	한국어	현장	일본	にほんばし	50138	4366	にほんばしのカビゴン　プレゼント	にほんばしのカビゴン プレゼント.wc7	2101	2018-03-14	2018-04-22	local event Pokémon distributions in Pokémon Sun Moon Ultra Sun and Ultra Moon	1	일본
7	피카츄	0	Never	5	프레셔스볼		축하/달콤한향기/카운터/리프레시	후르츠밀크	게임	한국어	현장	일본	ポケカフェ	1562	4382	ポケモンカフェのピカチュウ　プレゼント	ポケモンカフェのピカチュウ プレゼント.wc7	2102	2018-03-14	2018-04-22	local event Pokémon distributions in Pokémon Sun Moon Ultra Sun and Ultra Moon	1	일본
7	루기아	0	Never	100	프레셔스볼		에어로블라스트/폭풍/안개제거/순풍		게임	한국어	현장	한국	후우라시티	50147	2	바람의 루기아 선물	바람의 루기아 선물.wc7	2182	2018-12-19	2019-02-28	후우라시티 루기아 — 극장판 '모두의 이야기' 관람 특전 (ID 181219 = 18년 12월 19일). Serebii 의 11/2~12/9 는 ID 와 안 맞음	3	한국/일본
7	쉐이미	0	Never	20	프레셔스볼		은혜갚기/성장/시드플레어/축하	변함없는돌	게임	한국어	현장	일본	ポケセン	35593	4412	20しゅうねん　かんしゃの　シェイミ	20しゅうねん かんしゃの シェイミ.wc7	2104	2018-04-25	2018-06-30	Pokémon Center 20th Anniversary Distribution	1	일본
7	골덕	0	Never	50	프레셔스볼		하이드로펌프/열탕/앙코르/방어		1		현장	일본	ルイ	55041	4488	PJCS2017チャンピオンの　ゴルダック	PJCS2017チャンピオンの ゴルダック.wc7	2107	2018-06-09	2018-06-10	Pokémon Japan Championships 2018 Distribution - Ryota Otsubo's Golduck	1	일본
7	지라치	0	Never	15	프레셔스볼		희망사항/스피드스타/치유소원/잠재파워	별의조각	게임	한국어	현장	일본	たなばた	57537	4549	トウホクから　かんしゃを　こめて	トウホクから かんしゃを こめて.wc7	2108	2018-08-01	2018-08-31	local event Pokémon distributions in Pokémon Sun Moon Ultra Sun and Ultra Moon	1	일본
7	니드퀸	0	Never	50	프레셔스볼		방어/오물폭탄/냉동빔/대지의힘	생명의구슬	1		현장	일본	てんさいピィ	4112	4611	PJCS2018チャンピオンの　ニドクイン	PJCS2018チャンピオンの ニドクイン.wc7	2114	2019-06-08	2019-06-09	local event Pokémon distributions in Pokémon Sun Moon Ultra Sun and Ultra Moon	1	일본
7	네크로즈마	0	Always	75	프레셔스볼		빛의장막/대타출동/달빛		게임		시리얼	일본	ひみつ	61124	4653	ひみつの　ネクロズマ　プレゼント	ひみつの ネクロズマ プレゼント.wc7	2115	2019-09-06	2019-11-14	Pok�mon Sword & Shield Secret Member Club Gift	1	일본
7	식스테일	1	Never	10	프레셔스볼		얼음뭉치/초롱초롱눈동자/울부짖기/꼬리흔들기		게임	한국어	인터넷	한국	썬문	39332	2	식스테일(알로라의 모습) 선물	식스테일(알로라의 모습) 선물.wc7	2128	2017-04-04	2017-04-31	Korean region serial code event Pokémon distributions in Pokémon Sun Moon Ultra Sun and Ultra Moon	1	한국
7	모래두지	1	Never	10	프레셔스볼		고속스핀/아이스볼/눈싸라기/참기		게임	한국어	인터넷	한국	썬문	39430	2	모래두지(알로라의 모습) 선물	모래두지(알로라의 모습) 선물.wc7	2129	2017-05-09	2017-06-30	Korean region serial code event Pokémon distributions in Pokémon Sun Moon Ultra Sun and Ultra Moon	1	한국
7	디그다	1	Never	10	프레셔스볼		진흙뿌리기/놀래키기/울음소리/메탈클로		게임	한국어	인터넷	한국	썬문	39430	2	디그다(알로라의 모습) 선물	디그다(알로라의 모습) 선물.wc7	2130	2017-05-02	2017-06-30	Korean region serial code event Pokémon distributions in Pokémon Sun Moon Ultra Sun and Ultra Moon	1	한국
7	질퍽이	1	Never	10	프레셔스볼		물기/단단해지기/독가스/막치기		게임	한국어	인터넷	한국	썬문	39430	2	질퍽이(알로라의 모습) 선물	질퍽이(알로라의 모습) 선물.wc7	2131	2017-05-02	2017-06-30	Korean region serial code event Pokémon distributions in Pokémon Sun Moon Ultra Sun and Ultra Moon	1	한국
7	뮤	0	Never	5	프레셔스볼		막치기		게임	한국어	현장	한국	WCSK17	39433	2	환상의 포켓몬 뮤 선물	환상의 포켓몬 뮤 선물.wc7	2138	2017-05-05	2017-05-07	local event Pokémon distributions in Pokémon Sun Moon Ultra Sun and Ultra Moon	1	한국
7	피카츄	1	Never	20	몬스터볼		10만볼트/전광석화/번개/고속이동		게임	한국어	시리얼	한국	지우	40149	2	지우의 피카츄(오리지널캡)	지우의 피카츄(오리지널캡).wc7	2153	2017-12-21	2018-02-28	Korean region serial code event Pokémon distributions in Pokémon Sun Moon Ultra Sun and Ultra Moon	2	한국
7	피카츄	2	Never	20	몬스터볼		10만볼트/전광석화/번개/아이언테일		게임	한국어	시리얼	한국	지우	40149	2	지우의 피카츄(호연캡)	지우의 피카츄(호연캡).wc7	2160	2017-12-21	2018-02-28	Korean region serial code event Pokémon distributions in Pokémon Sun Moon Ultra Sun and Ultra Moon	2	한국
7	피카츄	3	Never	20	몬스터볼		10만볼트/전광석화/아이언테일/볼트태클		게임	한국어	시리얼	한국	지우	40149	2	지우의 피카츄(신오캡)	지우의 피카츄(신오캡).wc7	2162	2017-12-21	2018-02-28	Korean region serial code event Pokémon distributions in Pokémon Sun Moon Ultra Sun and Ultra Moon	2	한국
7	피카츄	4	Never	20	몬스터볼		10만볼트/전광석화/아이언테일/볼트태클		게임	한국어	시리얼	한국	지우	40149	2	지우의 피카츄(하나캡)	지우의 피카츄(하나캡).wc7	2164	2017-12-21	2018-02-28	Korean region serial code event Pokémon distributions in Pokémon Sun Moon Ultra Sun and Ultra Moon	2	한국
7	피카츄	5	Never	20	몬스터볼		10만볼트/전광석화/아이언테일/일렉트릭볼		게임	한국어	시리얼	한국	지우	40149	2	지우의 피카츄(칼로스캡)	지우의 피카츄(칼로스캡).wc7	2166	2017-12-21	2018-02-28	Korean region serial code event Pokémon distributions in Pokémon Sun Moon Ultra Sun and Ultra Moon	2	한국
7	다크라이	0	Never	50	프레셔스볼		다크홀/속여때리기/악몽/괴상한바람		게임	한국어	시리얼	한국	아라모스	33854	17382	환상의 포켓몬 다크라이	환상의 포켓몬 다크라이.wc7	2173	2018-06-06	2018-08-31	Korean region serial code event Pokémon distributions in Pokémon Sun Moon Ultra Sun and Ultra Moon	1	한국
7	디아루가	0	Never	50	프레셔스볼		러스터캐논/용성군/시간의포효/파동탄		게임	한국어	시리얼	한국	아라모스	50814	17397	디아루가 선물	디아루가 선물.wc7	2174	2018-06-06	2018-08-31	Korean region serial code event Pokémon distributions in Pokémon Sun Moon Ultra Sun and Ultra Moon	1	한국
7	펄기아	0	Never	50	프레셔스볼		하이드로펌프/용성군/공간절단/파동탄		게임	한국어	시리얼	한국	아라모스	50814	17397	펄기아 선물	펄기아 선물.wc7	2175	2018-06-06	2018-08-31	Korean region serial code event Pokémon distributions in Pokémon Sun Moon Ultra Sun and Ultra Moon	1	한국
7	피카츄	0	Never	10	프레셔스볼		공중날기/파도타기/10만볼트/전광석화		게임	한국어	현장	한국	월드페스티벌	49355	2	특별한 피카츄를 선물!	특별한 피카츄를 선물!.wc7	2176	2018-04-27	2018-05-07	local event Pokémon distributions in Pokémon Sun Moon Ultra Sun and Ultra Moon	1	한국
7	지가르데	0	Never	70	프레셔스볼		깨물어부수기/지진/보호색/용의파동		게임	한국어	인터넷	한국	제너레이션즈	49548	2	전설의 포켓몬 지가르데를 선물!	전설의 포켓몬 지가르데를 선물!.wc7	2177	2018-06-20	2018-07-31	Korean region serial code event Pokémon distributions in Pokémon Sun Moon Ultra Sun and Ultra Moon	1	한국
7	쉐이미	0	Never	30	프레셔스볼		축하/은혜갚기/광합성/시드플레어		게임	한국어	시리얼	한국	마음	49429	2	감사포켓몬 쉐이미를 선물!	감사포켓몬 쉐이미를 선물!.wc7	2178	2018-05-02	2018-07-31	Korean region serial code event Pokémon distributions in Pokémon Sun Moon Ultra Sun and Ultra Moon	1	한국
7	마나피	0	Never	15	프레셔스볼		물놀이/물의파동/반딧불/하트스왑	신비의물방울	게임	한국어	현장	한국	여름	49641	2	환상의 포켓몬 마나피를 선물!	환상의 포켓몬 마나피를 선물!.wc7	2179	2018-07-13	2018-07-22	local event Pokémon distributions in Pokémon Sun Moon Ultra Sun and Ultra Moon	1	한국
7	메타그로스	0	Never	50	프레셔스볼		아이언헤드/냉동펀치/불릿펀치/분함의발구르기		게임	한국어	현장	한국	정수웅	49843	2	WCSK 챔피언의 메타그로스를 선물!	WCSK 챔피언의 메타그로스를 선물!.wc7	2180	2018-09-15	2018-09-26	local event Pokémon distributions in Pokémon Sun Moon Ultra Sun and Ultra Moon	1	한국
7	네크로즈마	0	Always	75	프레셔스볼		스텔스록/철벽/쥐어짜기/프리즘레이저		게임	한국어	시리얼	한국	이클립스	55883	17687	색이 다른 네크로즈마 선물	색이 다른 네크로즈마 선물.wc7	2193	2019-11-15	2019-12-31	이클립스 색이 다른 네크로즈마 — 코드는 9/27~11/14 소드실드 구매자에게 배부, 입력은 11/15~12/31 (ID 191115). Serebii 는 배부 기간을 적음	1	한국
7	마기아나	0	Never	50	프레셔스볼		플뢰르캐논/러스터캐논/주술/도우미	은색병뚜껑	게임		QR	미국		0	0	This is A Dummy Card	N/A - This is A Dummy Card.wc7	2273	2016-12-05	No End Date	Pokémon Official Site - Magearna Code Distribution / Pokémon Volcanion & The Ingenious Magearna - QR Code on special distributed Ga-Olé disc / Pokémon TV - Magearna Code Distribution	9	미국
7	피카츄	7	Random	21	몬스터볼		10만볼트/전광석화/번개/아이언테일	고운깃털	8		QR	한국	지우	18075	31115	Simulated Partner Cap KOR	N/A - Simulated Partner Cap KOR.wc7	2330	2017-07-15	2017-09-30	Pokémon I Choose You - Theatre Distribution / Pokémon I Choose You - Theatre Distribution (Ga-Olé Disc)	9	한국/일본/미국/이탈리아/프랑스/중국(번체)/스페인/중국(간체)/독일
7	모크나이퍼	0	Never	50	몬스터볼		리프블레이드/고스트다이브/야습/브레이브버드		게임	한국어		한국		0	0	포켓몬 뱅크	N/A - 포켓몬 뱅크.wc7	2331	2018-03-08		7. Generation Südkorea	9	한국/일본/미국
7	어흥염	0	Never	50	몬스터볼		속이기/유턴/DD래리어트/플레어드라이브		게임	한국어		한국		0	0	포켓몬 뱅크	N/A - 포켓몬 뱅크.wc7	2332	2018-03-08		7. Generation Südkorea	9	한국/일본/미국
7	하랑우탄	0	Never	50	몬스터볼		지휘/속임수/트릭룸/사이드체인지		게임	한국어	인터넷	한국		0	0	포켓몬 뱅크	N/A - 포켓몬 뱅크.wc7	2333	2019-03-28	2019-10-31	Pokémon Bank - Distribution	9	한국/일본/미국
7	내던숭이	0	Never	50	몬스터볼		인파이트/유턴/탁쳐서떨구기/더스트슈트		게임	한국어	인터넷	한국		0	0	포켓몬 뱅크	N/A - 포켓몬 뱅크.wc7	2334	2019-03-28	2019-10-31	Pokémon Bank - Distribution	9	한국/일본/미국
7	누리레느	0	Never	50	몬스터볼		하이퍼보이스/문포스/얼어붙은바람/멸망의노래		게임	한국어		한국		0	0	포켓몬 뱅크	N/A - 포켓몬 뱅크.wc7	2335	2018-03-08		7. Generation Südkorea	9	한국/일본/미국
7	개굴닌자	1	Never	36	몬스터볼		물수리검/제비반환/그림자분신/깜짝베기		8		게임내	한국	지우	31561	31221	특별체험판 지우개굴닌자	특별체험판 지우개굴닌자.wc7	2336	2016-11-18		7. Generation Südkorea	9	한국/일본/미국/이탈리아/프랑스/중국(번체)/스페인/중국(간체)/독일
3	뮤	0	Never	10			막치기/변신				현장	일본	ハドウ	50716	0	Event Gift	Encounter_WC3	2453	2005-04-16	2005-05-08	Movie	3	일본/미국/유럽
3	지라치	0	Random	5			희망사항/염동력/잠자기				현장	미국	WISHMKR	20043	0	Event Gift	Encounter_WC3	2346	2004-10-22	2004-10-24	Pokémon Colosseum	2	미국/유럽
3	지그제구리	0	Always	5			몸통박치기/울음소리/꼬리흔들기				현장	일본	ルビー	21121	0	Event Gift	Encounter_WC3	2445	2003-12-29	2004-03-31	Repair Program	4	일본/미국
3	리자몽	0	Never	70			날개치기/베어가르기/용의분노/회오리불꽃				현장	미국	10 ANIV	6808	0	Event Gift	Encounter_WC3	2405	2006-08-08	2006-08-08	Bryant Park	7	미국/유럽
3	피카츄	0	Never	70			10만볼트/고속이동/번개/빛의장막				현장	미국	10 ANIV	10	0	Event Gift	Encounter_WC3	2427	2006-02-25	2006-07-23	10th Anniversary	6	미국/유럽
3	프리져	0	Never	70			고속이동/마음의눈/냉동빔/리플렉터				현장	미국	10 ANIV	6808	0	Event Gift	Encounter_WC3	2409	2006-08-08	2006-08-08	Bryant Park	7	미국/유럽
3	라이코	0	Never	70			전광석화/스파크/리플렉터/깨물어부수기				현장	미국	10 ANIV	6808	0	Event Gift	Encounter_WC3	2416	2006-08-08	2006-08-08	Bryant Park	7	미국/유럽
3	앤테이	0	Never	70			회오리불꽃/짓밟기/화염방사/뽐내기				현장	미국	10 ANIV	6808	0	Event Gift	Encounter_WC3	2417	2006-08-08	2006-08-08	Bryant Park	7	미국/유럽
3	스이쿤	0	Never	70			바람일으키기/오로라빔/흰안개/미러코트				현장	미국	10 ANIV	6808	0	Event Gift	Encounter_WC3	2418	2006-08-08	2006-08-08	Bryant Park	7	미국/유럽
3	루기아	0	Never	70			HP회복/하이드로펌프/비바라기/스피드스타				현장	유럽	10ANNIV	6227	0	Event Gift	Encounter_WC3	2356	2006-06-10	2006-06-10	10th Anniversary	5	유럽
3	칠색조	0	Never	70			HP회복/불대문자/쾌청/스피드스타				현장	유럽	10ANNIV	6227	0	Event Gift	Encounter_WC3	2357	2006-06-10	2006-06-10	10th Anniversary	5	유럽
3	라티아스	0	Never	70			미스트볼/사이코키네시스/HP회복/애교부리기				현장	미국	10 ANIV	6808	0	Event Gift	Encounter_WC3	2422	2006-08-08	2006-08-08	Bryant Park	7	미국/유럽
3	라티오스	0	Never	70			러스터퍼지/사이코키네시스/HP회복/용의춤				현장	미국	10 ANIV	6808	0	Event Gift	Encounter_WC3	2423	2006-08-08	2006-08-08	Bryant Park	7	미국/유럽
3	메탕구	0	Never	30			돌진/염동력/메탈클로/리프레시				현장	일본	フェスタ	2005	0	Event Gift	Encounter_WC3	2457	2005-07-17	2005-08-21	PokéFesta	2	일본/미국
3	테오키스	0	Never	70			코스믹파워/HP회복/사이코부스트/파괴광선				현장	미국	SPACE C	10	0	Event Gift	Encounter_WC3	2403	2006-03-10	2006-03-19	Space Center	2	미국/유럽
3	이상해씨	0	Never	70			달콤한향기/성장/솔라빔/광합성				현장	미국	10 ANIV	6808	0	Event Gift	Encounter_WC3	2404	2006-08-08	2006-08-08	Bryant Park	2	미국
3	거북왕	0	Never	70			방어/비바라기/로켓박치기/하이드로펌프				현장	미국	10 ANIV	6808	0	Event Gift	Encounter_WC3	2406	2006-08-08	2006-08-08	Bryant Park	2	미국
3	피카츄	0	Never	70			10만볼트/번개/빛의장막/공중날기				현장	미국	10 ANIV	6808	0	Event Gift	Encounter_WC3	2407	2006-08-08	2006-08-08	Bryant Park	1	미국
3	후딘	0	Never	70			미래예지/명상/사이코키네시스/트릭				현장	미국	10 ANIV	6808	0	Event Gift	Encounter_WC3	2408	2006-08-08	2006-08-08	Bryant Park	2	미국
3	썬더	0	Never	70			고속이동/판별/회전부리/충전				현장	미국	10 ANIV	6808	0	Event Gift	Encounter_WC3	2410	2006-08-08	2006-08-08	Bryant Park	2	미국
3	파이어	0	Never	70			고속이동/버티기/화염방사/신비의부적				현장	미국	10 ANIV	6808	0	Event Gift	Encounter_WC3	2411	2006-08-08	2006-08-08	Bryant Park	2	미국
3	망나뇽	0	Never	70			고속이동/신비의부적/날개치기/역린				현장	미국	10 ANIV	6808	0	Event Gift	Encounter_WC3	2412	2006-08-08	2006-08-08	Bryant Park	2	미국
3	블레이범	0	Never	70			전광석화/화염바퀴/스피드스타/화염방사				현장	미국	10 ANIV	6808	0	Event Gift	Encounter_WC3	2413	2006-08-08	2006-08-08	Bryant Park	2	미국
3	에브이	0	Never	70			환상빔/자기암시/사이코키네시스/아침햇살				현장	미국	10 ANIV	6808	0	Event Gift	Encounter_WC3	2414	2006-08-08	2006-08-08	Bryant Park	2	미국
3	블래키	0	Never	70			속여때리기/검은눈빛/싫은소리/달빛				현장	미국	10 ANIV	6808	0	Event Gift	Encounter_WC3	2415	2006-08-08	2006-08-08	Bryant Park	2	미국
3	마기라스	0	Never	70			난동부리기/겁나는얼굴/깨물어부수기/지진				현장	미국	10 ANIV	6808	0	Event Gift	Encounter_WC3	2419	2006-08-08	2006-08-08	Bryant Park	2	미국
3	번치코	0	Never	70			블레이즈킥/베어가르기/따라하기/스카이어퍼				현장	미국	10 ANIV	6808	0	Event Gift	Encounter_WC3	2420	2006-08-08	2006-08-08	Bryant Park	2	미국
3	앱솔	0	Never	70			그림자분신/베어가르기/미래예지/멸망의노래				현장	미국	10 ANIV	6808	0	Event Gift	Encounter_WC3	2421	2006-08-08	2006-08-08	Bryant Park	2	미국
3	세레비	0	Never	70			원시의힘/미래예지/배턴터치/멸망의노래				현장	미국	10 ANIV	10	0	Event Gift	Encounter_WC3	2440	2006-02-25	2006-07-23	10th Anniversary	1	미국
3	지라치	0	Never	5			희망사항/염동력/잠자기				현장	일본	ネガイボシ	30719	0	Event Gift	Encounter_WC3	2447	2003-06-01	2003-07-31	Movie	5	일본
3	피카츄	0	Never	10			공중날기/전기쇼크/꼬리흔들기/전기자석파				현장	일본	ＡＮＡ	41205	0	Event Gift	Encounter_WC3	2450	2004-12-05	2004-12-25	ANA Terminal Opening	1	일본
3	나옹	0	Never	5			할퀴기/울음소리				현장	일본	ポケパーク	50318	0	Event Gift	Encounter_WC3	2451	2005-03-18	2005-05-08	PokéPark - Movie Download	1	일본
3	피카츄	0	Never	10			전기쇼크/울음소리/전기자석파/파도타기				현장	일본	ヨコハマ	50319	0	Event Gift	Encounter_WC3	2452	2005-03-19	2005-04-03	Pokémon Festival GW	1	일본
3	피카츄	0	Never	10			울음소리/꼬리흔들기/전기자석파/공중날기				현장	일본	ＧＷ	50425	0	Event Gift	Encounter_WC3	2454	2005-04-25	2005-05-08	Store	2	일본
3	마자용	0	Never	5			카운터/미러코트/신비의부적/길동무				현장	일본	サンデー	50701	0	Event Gift	Encounter_WC3	2458	2005-07-17	2005-08-21	PokéFesta	1	일본
3	레지락	0	Never	40			저주/엄청난힘/원시의힘/파괴광선				현장	일본	ハドウ	50901	0	Event Gift	Encounter_WC3	2459	2005-09-01	2005-09-25	PokéPark	1	일본
3	레지아이스	0	Never	40			저주/엄청난힘/원시의힘/파괴광선				현장	일본	ハドウ	50901	0	Event Gift	Encounter_WC3	2460	2005-09-01	2005-09-25	PokéPark	1	일본
3	레지스틸	0	Never	40			저주/엄청난힘/원시의힘/파괴광선				현장	일본	ハドウ	50901	0	Event Gift	Encounter_WC3	2461	2005-09-01	2005-09-25	PokéPark	1	일본
3	뮤	0	Never	30			막치기/변신/메가톤펀치/손가락흔들기				현장	일본	ポケパーク	60510	0	Event Gift	Encounter_WC3	2462	2006-05-10	2006-06-04	Japanese event Pokémon distributions in Generation III	1	일본
3	세레비	0	Never	30			치료방울/신비의부적/원시의힘/미래예지				현장	일본	ポケパーク	60623	0	Event Gift	Encounter_WC3	2463	2006-06-23	2006-09-24	Japanese event Pokémon distributions in Generation III	1	일본
3	세레비	0	Never	10			씨뿌리기/HP회복/치료방울/신비의부적				현장	일본	ミツリン	60720	0	Event Gift	Encounter_WC3	2465	2006-07-20	2006-09-03	Pokémon Jungle Tours	1	일본
3	지라치	0	Never	30			희망사항/사이코키네시스/도우미/잠자기				현장	일본	ポケパーク	60731	0	Event Gift	Encounter_WC3	2466	2006-07-31	2006-07-31	Japanese event Pokémon distributions in Generation III	2	일본
3	파비코	0	Random	5		알	쪼기/울음소리/칼등치기				게임내	미국	ＡＺＵＳＡ	65535	65535	Event Gift	Encounter_WC3	2468	2003-05-30	No End Date	Pokémon Box	1	미국
3	지그제구리	0	Random	5		알	몸통박치기/울음소리/꼬리흔들기/신속				게임내	미국	ＡＺＵＳＡ	65535	65535	Event Gift	Encounter_WC3	2469	2003-05-30	No End Date	Pokémon Box	1	미국
3	에나비	0	Random	5		알	울음소리/몸통박치기/꼬리흔들기/고양이돈받기				게임내	미국	ＡＺＵＳＡ	65535	65535	Event Gift	Encounter_WC3	2470	2005-03-12	2005-05-08	Pokémon Box	1	미국
3	피츄	0	Random	5		알	전기쇼크/애교부리기/파도타기				게임내	미국	ＡＺＵＳＡ	65535	65535	Event Gift	Encounter_WC3	2471	2003-05-30	No End Date	Pokémon Box	1	미국
3	피츄	0	Always	5		알	전기쇼크/애교부리기/흔들흔들댄스				현장	일본	オヤＮＡＭＥ	65535	65535	Event Gift	Encounter_WC3	2472	2003-04-25	2003-05-18	Pokémon Center 5th Anniv.	1	일본
3	피츄	0	Always	5		알	전기쇼크/애교부리기/희망사항				현장	일본	オヤＮＡＭＥ	65535	65535	Event Gift	Encounter_WC3	2473	2003-04-25	2003-05-18	Pokémon Center 5th Anniv.	1	일본
3	피츄	0	Random	5		알	전기쇼크/애교부리기/흔들흔들댄스				현장	일본	オヤＮＡＭＥ	65535	65535	Event Gift	Encounter_WC3	2474	2003-04-25	2003-05-18	Pokémon Center 5th Anniv.	1	일본
3	피츄	0	Random	5		알	전기쇼크/애교부리기/희망사항				현장	일본	オヤＮＡＭＥ	65535	65535	Event Gift	Encounter_WC3	2475	2003-04-25	2003-05-18	Pokémon Center 5th Anniv.	1	일본
3	랄토스	0	Random	5		알	울음소리/애교부리기				현장	일본	オヤＮＡＭＥ	65535	65535	Event Gift	Encounter_WC3	2476	2003-04-25	2003-05-18	Pokémon Center 5th Anniv.	1	일본
3	랄토스	0	Random	5		알	울음소리/희망사항				현장	일본	オヤＮＡＭＥ	65535	65535	Event Gift	Encounter_WC3	2477	2003-04-25	2003-05-18	Pokémon Center 5th Anniv.	1	일본
3	앱솔	0	Random	5		알	할퀴기/째려보기/원한				현장	일본	オヤＮＡＭＥ	65535	65535	Event Gift	Encounter_WC3	2478	2003-04-25	2003-05-18	Pokémon Center 5th Anniv.	1	일본
3	앱솔	0	Random	5		알	할퀴기/째려보기/희망사항				현장	일본	オヤＮＡＭＥ	65535	65535	Event Gift	Encounter_WC3	2479	2003-04-25	2003-05-18	Pokémon Center 5th Anniv.	1	일본
3	아공이	0	Random	5		알	분노/물기/철벽				현장	일본	オヤＮＡＭＥ	65535	65535	Event Gift	Encounter_WC3	2480	2003-04-25	2003-05-18	Pokémon Center 5th Anniv.	1	일본
3	아공이	0	Random	5		알	분노/물기/희망사항				현장	일본	オヤＮＡＭＥ	65535	65535	Event Gift	Encounter_WC3	2481	2003-04-25	2003-05-18	Pokémon Center 5th Anniv.	1	일본
3	뚜벅쵸	0	Random	5		알	흡수/씨뿌리기				현장	일본		65535	65535	Event Gift	Encounter_WC3	2482	2004-03-24	2004-04-04	PokéPark / Pokémon Battle Tour	1	일본
3	나옹	0	Random	5		알	할퀴기/울음소리/꽃잎댄스				현장	일본		65535	65535	Event Gift	Encounter_WC3	2483	2004-03-24	2004-04-04	PokéPark / Pokémon Battle Tour	1	일본
3	발챙이	0	Random	5		알	거품/천사의키스				현장	일본		65535	65535	Event Gift	Encounter_WC3	2484	2004-03-24	2004-04-04	Pokémon Battle Tour	1	일본
3	모다피	0	Random	5		알	덩굴채찍/흔들흔들댄스				현장	일본		65535	65535	Event Gift	Encounter_WC3	2485	2004-03-24	2004-04-04	PokéPark / Pokémon Battle Tour	1	일본
3	파오리	0	Random	5		알	하품/희망사항				현장	미국		65535	65535	Event Gift	Encounter_WC3	2486	2004-12-16	2005-01-02	Pokémon Center	1	미국
3	슬리프	0	Random	5		알	배북/희망사항				현장	미국		65535	65535	Event Gift	Encounter_WC3	2487	2004-12-16	2005-01-02	Pokémon Center	1	미국
3	아라리	0	Random	5		알	달콤한향기/희망사항				현장	미국		65535	65535	Event Gift	Encounter_WC3	2488	2004-12-16	2005-01-02	Pokémon Center	1	미국
3	내루미	0	Random	5		알	치료방울/희망사항				현장	미국		65535	65535	Event Gift	Encounter_WC3	2489	2004-12-16	2005-01-02	Pokémon Center	1	미국
3	럭키	0	Random	5		알	달콤한향기/희망사항				현장	미국		65535	65535	Event Gift	Encounter_WC3	2490	2004-12-16	2005-01-02	Pokémon Center	1	미국
3	캥카	0	Random	5		알	하품/희망사항				현장	미국		65535	65535	Event Gift	Encounter_WC3	2491	2004-12-16	2005-01-02	Pokémon Center	1	미국
3	고라파덕	0	Random	5		알	물놀이/할퀴기/꼬리흔들기/흙놀이				현장	일본		65535	65535	Event Gift	Encounter_WC3	2492	2005-03-18	2005-05-08	PokéPark	2	일본
3	피츄	0	Random	5		알	전기쇼크/애교부리기/날따름				현장	일본		65535	65535	Event Gift	Encounter_WC3	2493	2005-03-18	2005-05-08	PokéPark	2	일본
3	푸푸린	0	Random	5		알	노래하기/애교부리기/웅크리기/간지르기				현장	일본		65535	65535	Event Gift	Encounter_WC3	2494	2005-03-18	2005-05-08	PokéPark	2	일본
3	코산호	0	Random	5		알	몸통박치기/흙놀이				현장	일본		65535	65535	Event Gift	Encounter_WC3	2495	2005-03-18	2005-05-08	PokéPark	2	일본
3	테일로	0	Random	5		알	쪼기/울음소리/기충전/깃털댄스				현장	일본		65535	65535	Event Gift	Encounter_WC3	2496	2005-03-18	2005-05-08	PokéPark	2	일본
3	비구술	0	Random	5		알	거품/흙놀이				현장	일본		65535	65535	Event Gift	Encounter_WC3	2497	2005-03-18	2005-05-08	PokéPark	2	일본
3	소곤룡	0	Random	5		알	막치기/소란피기/흔들흔들댄스				현장	일본		65535	65535	Event Gift	Encounter_WC3	2498	2005-03-18	2005-05-08	PokéPark	2	일본
3	에나비	0	Random	5		알	울음소리/몸통박치기/꼬리흔들기/구르기				현장	일본		65535	65535	Event Gift	Encounter_WC3	2499	2005-03-18	2005-05-08	PokéPark	2	일본
3	플러시	0	Random	5		알	울음소리/전기자석파/물놀이				현장	일본		65535	65535	Event Gift	Encounter_WC3	2500	2005-03-18	2005-05-08	PokéPark	2	일본
3	마이농	0	Random	5		알	울음소리/전기자석파/흙놀이				현장	일본		65535	65535	Event Gift	Encounter_WC3	2501	2005-03-18	2005-05-08	PokéPark	2	일본
3	피그점프	0	Random	5		알	튀어오르기/소란피기				현장	일본		65535	65535	Event Gift	Encounter_WC3	2502	2005-03-18	2005-05-08	PokéPark	2	일본
3	얼루기	0	Random	5		알	몸통박치기/소란피기/노래하기				현장	일본		65535	65535	Event Gift	Encounter_WC3	2503	2005-03-18	2005-05-08	PokéPark	2	일본
3	선인왕	0	Random	5		알	독침/째려보기/흡수/앙코르				현장	일본		65535	65535	Event Gift	Encounter_WC3	2504	2005-03-18	2005-05-08	PokéPark	2	일본
3	가재군	0	Random	5		알	거품/물놀이				현장	일본		65535	65535	Event Gift	Encounter_WC3	2505	2005-03-18	2005-05-08	PokéPark	2	일본
3	마자	0	Random	5		알	튀어오르기/애교부리기/앙코르/간지르기				현장	일본		65535	65535	Event Gift	Encounter_WC3	2506	2005-03-18	2005-05-08	PokéPark	2	일본
3	피카츄	0	Never	50			10만볼트/고속이동/번개/빛의장막		2		현장	미국		0	0	PCNY Gift	PCNY	2522	2003-08-30	2003-09-01	Pkmn Centre NY - Evolution Week	1	미국
3	냄새꼬	0	Never	50			수면가루/용해액/달빛/꽃잎댄스		2		현장	미국		0	0	PCNY Gift	PCNY	2523	2003-08-30	2003-09-01	Pkmn Centre NY - Evolution Week	1	미국
3	별가사리	0	Never	50			작아지기/빛의장막/코스믹파워/하이드로펌프		2		현장	미국		0	0	PCNY Gift	PCNY	2524	2003-08-30	2003-09-01	Pkmn Centre NY - Evolution Week	1	미국
3	시드라	0	Never	45			용의분노/하이드로펌프/회오리/냉동빔		2		현장	미국		0	0	PCNY Gift	PCNY	2525	2003-09-29	2003-10-03	PCNY event Pokémon distributions in Generation III	1	미국
3	시드라	0	Never	45			용의분노/하이드로펌프/회오리/째려보기		2		현장	미국		0	0	PCNY Gift	PCNY	2526	2003-09-29	2003-10-03	PCNY event Pokémon distributions in Generation III	1	미국
3	플라이곤	0	Never	45			모래지옥/깨물어부수기/용의숨결/화염방사		2		현장	미국		0	0	PCNY Gift	PCNY	2527	2003-09-29	2003-10-03	Pkmn Centre NY / Pkmn Centre NY - Dragon Week	1	미국
3	파비코리	0	Never	45			제비반환/용의숨결/용의춤/화염방사		2		현장	미국		0	0	PCNY Gift	PCNY	2528	2003-09-29	2003-10-03	PCNY event Pokémon distributions in Generation III	1	미국
3	파비코리	0	Never	45			돌진/용의숨결/용의춤/냉동빔		2		현장	미국		0	0	PCNY Gift	PCNY	2529	2003-09-29	2003-10-03	Pkmn Centre NY - Dragon Week	1	미국
3	보만다	0	Never	50			방어/용의숨결/난동부리기/공중날기		2		현장	미국		0	0	PCNY Gift	PCNY	2530	2003-09-29	2003-10-03	Pkmn Centre NY - Dragon Week	1	미국
3	껍질몬	0	Never	50			원한/이상한빛/섀도볼/원념		2		현장	미국		0	0	PCNY Gift	PCNY	2531	2003-10-18	2003-10-24	Pkmn Centre NY - Monster Week	1	미국
3	밤선인	0	Never	50			속여때리기/압정뿌리기/바늘팔/목화포자		2		현장	미국		0	0	PCNY Gift	PCNY	2532	2003-10-18	2003-10-24	PCNY event Pokémon distributions in Generation III	1	미국
3	어둠대신	0	Never	25			싫은소리/나이트헤드/저주/원한		2		현장	미국		0	0	PCNY Gift	PCNY	2533	2003-10-18	2003-10-24	PCNY event Pokémon distributions in Generation III	1	미국
3	해골몽	0	Never	25			사슬묶기/꿰뚫어보기/놀래키기/이상한빛		2		현장	미국		0	0	PCNY Gift	PCNY	2534	2003-10-18	2003-10-24	PCNY event Pokémon distributions in Generation III	1	미국
3	폭음룡	0	Never	50			짓밟기/하이퍼보이스/섀도볼/울부짖기		2		현장	미국		0	0	PCNY Gift	PCNY	2535	2003-10-25	2003-10-31	PCNY event Pokémon distributions in Generation III	1	미국
3	폭음룡	0	Never	100			울부짖기/섀도볼/깨트리기/하이퍼보이스		2		현장	미국		0	0	PCNY Gift	PCNY	2536	2003-10-25	2003-10-31	PCNY event Pokémon distributions in Generation III	1	미국
3	보스로라	0	Never	50			도발/아이언테일/방어/메탈클로		2		현장	미국		0	0	PCNY Gift	PCNY	2537	2003-10-25	2003-10-31	PCNY event Pokémon distributions in Generation III	1	미국
3	보스로라	0	Never	100			아이언테일/드래곤클로/냉동빔/이판사판태클		2		현장	미국		0	0	PCNY Gift	PCNY	2538	2003-10-25	2003-10-31	PCNY event Pokémon distributions in Generation III	1	미국
3	고래왕	0	Never	50			물의파동/눈보라/잠자기/해수스파우팅		2		현장	미국		0	0	PCNY Gift	PCNY	2539	2003-10-25	2003-10-31	PCNY event Pokémon distributions in Generation III	1	미국
3	고래왕	0	Never	100			눈보라/해수스파우팅/지진/하이드로펌프		2		현장	미국		0	0	PCNY Gift	PCNY	2540	2003-10-25	2003-10-31	PCNY event Pokémon distributions in Generation III	1	미국
3	가재장군	0	Never	50			구멍파기/거품광선/집게해머/칼춤		2		현장	미국		0	0	PCNY Gift	PCNY	2541	2003-10-25	2003-10-31	PCNY event Pokémon distributions in Generation III	1	미국
3	가재장군	0	Never	100			맹독/집게해머/싸라기눈/가위자르기		2		현장	미국		0	0	PCNY Gift	PCNY	2542	2003-10-25	2003-10-31	PCNY event Pokémon distributions in Generation III	1	미국
3	파비코리	0	Never	45			돌진/용의숨결/용의춤/리프레시		2		현장	미국		0	0	PCNY Gift	PCNY	2543	2003-09-29	2003-10-03	Pkmn Centre NY - Dragon Week	1	미국
3	플라이곤	0	Never	45			모래지옥/깨물어부수기/용의숨결/싫은소리		2		현장	미국		0	0	PCNY Gift	PCNY	2544	2004-07-10	2004-07-10	Pkmn Centre NY / Pkmn Centre NY - Dragon Week	2	미국
3	시드라	0	Never	32			연막/째려보기/물대포/회오리		2		현장	미국		0	0	PCNY Gift	PCNY	2545	2003-11-22	2003-11-28	PCNY event Pokémon distributions in Generation III	1	미국
3	보만다	0	Never	50			방어/용의숨결/겁나는얼굴/공중날기		2		현장	미국		0	0	PCNY Gift	PCNY	2546	2003-10-03	2003-10-03	Pkmn Centre NY - Dragon Week	2	미국
3	가디안	0	Never	35			순간이동/명상/사이코키네시스/봉인		2		현장	미국		0	0	PCNY Gift	PCNY	2547			PCNY event Pokémon distributions in Generation III	1	미국
3	트로피우스	0	Never	30			잎날가르기/짓밟기/달콤한향기/날려버리기		2		현장	미국		0	0	PCNY Gift	PCNY	2548			PCNY event Pokémon distributions in Generation III	1	미국
3	델빌	0	Never	5			째려보기/불꽃세례		2		현장	미국		0	0	PCNY Gift	PCNY	2550	2004-05-15	2004-05-22	PCNY event Pokémon distributions in Generation III	1	미국
3	메리프	0	Never	5			몸통박치기/울음소리		2		현장	미국		0	0	PCNY Gift	PCNY	2551	2004-05-15	2004-05-22	PCNY event Pokémon distributions in Generation III	1	미국
3	세비퍼	0	Never	30			포이즌테일/싫은소리/뱀눈초리/깨물어부수기		2		현장	미국		0	0	PCNY Gift	PCNY	2553	2004-07-10	2004-07-10	Pkmn Centre NY	1	미국
3	앱솔	0	Never	35			칼바람/물기/칼춤/원한		2		현장	미국		0	0	PCNY Gift	PCNY	2554	2004-07-10	2004-07-10	Pkmn Centre NY	1	미국
3	앱솔	0	Never	35			칼바람/물기/칼춤/희망사항		2		현장	미국		0	0	PCNY Gift	PCNY	2555	2004-07-10	2004-07-10	PCNY event Pokémon distributions in Generation III	1	미국
3	루리리	0	Never	5			튀어오르기/애교부리기		2		현장	미국		0	0	PCNY Gift	PCNY	2556	2004-07-31	2004-08-06	Pokémon Center New York - Baby & Trade Week	1	미국
3	마자	0	Never	5			튀어오르기/애교부리기/앙코르		2		현장	미국		0	0	PCNY Gift	PCNY	2557	2004-07-31	2004-08-06	Pokémon Center New York - Baby & Trade Week	1	미국
3	헌테일	0	Never	20			바다회오리/물기/싫은소리		2		현장	미국		0	0	PCNY Gift	PCNY	2558	2004-07-31	2004-08-06	Pokémon Center New York - Baby & Trade Week	1	미국
3	분홍장이	0	Never	20			바다회오리/염동력/고속이동		2		현장	미국		0	0	PCNY Gift	PCNY	2559	2004-07-31	2004-08-06	Pokémon Center New York - Baby & Trade Week	1	미국
3	킹드라	0	Never	35			연막/째려보기/물대포/회오리		2		현장	미국		0	0	PCNY Gift	PCNY	2560	2004-08-07	2004-08-13	PCNY event Pokémon distributions in Generation III	1	미국
3	쟝고	0	Never	18			째려보기/전광석화/칼춤/연속자르기		2		현장	미국		0	0	PCNY Gift	PCNY	2561	2003-12-25	2003-12-25	Pkmn Centre NY - Christmas	1	미국
3	세비퍼	0	Never	18			김밥말이/핥기/물기/포이즌테일		2		현장	미국		0	0	PCNY Gift	PCNY	2562	2003-12-25	2003-12-25	Pkmn Centre NY - Christmas	1	미국
3	밀로틱	0	Never	35			물의파동/회오리/HP회복/비바라기		2		현장	미국		0	0	PCNY Gift	PCNY	2563	2003-12-25	2003-12-25	Pkmn Centre NY - Christmas	1	미국
3	깜까미	0	Never	18			꿰뚫어보기/나이트헤드/놀래키기/마구할퀴기		2		현장	미국		0	0	PCNY Gift	PCNY	2564	2004-08-14	2004-08-20	PCNY event Pokémon distributions in Generation III	1	미국
3	입치트	0	Never	18			놀래키기/거짓울음/물기/달콤한향기		2		현장	미국		0	0	PCNY Gift	PCNY	2565	2004-08-14	2004-08-20	PCNY event Pokémon distributions in Generation III	1	미국
3	릴리요	0	Never	40			용해액/뿌리박기/이상한빛/망각술		2		현장	미국		0	0	PCNY Gift	PCNY	2566	2004-08-14	2004-08-20	PCNY event Pokémon distributions in Generation III	1	미국
3	아말도	0	Never	40			물대포/메탈클로/방어/원시의힘		2		현장	미국		0	0	PCNY Gift	PCNY	2567	2004-08-14	2004-08-20	PCNY event Pokémon distributions in Generation III	1	미국
3	괴력몬	0	Never	30			태권당수/지구던지기/꿰뚫어보기/리벤지		2		현장	미국		0	0	PCNY Gift	PCNY	2568	2004-08-21	2004-08-27	PCNY event Pokémon distributions in Generation III	1	미국
3	딱구리	0	Never	30			돌떨구기/매그니튜드/자폭/구르기		2		현장	미국		0	0	PCNY Gift	PCNY	2569	2004-08-21	2004-08-27	PCNY event Pokémon distributions in Generation III	1	미국
3	로파파	0	Never	20			놀래키기/울음소리/흡수/자연의힘		2		현장	미국		0	0	PCNY Gift	PCNY	2570	2004-08-21	2004-08-27	PCNY event Pokémon distributions in Generation III	1	미국
3	다탱구	0	Never	20			막치기/단단해지기/성장/자연의힘		2		현장	미국		0	0	PCNY Gift	PCNY	2571	2004-08-21	2004-08-27	PCNY event Pokémon distributions in Generation III	1	미국
3	나무지기	0	Never	10					1		현장	일본		0	0	PCJP Gift	PCJP	2572	2005-11-26	2005-12-11	Gotta Catch 'Em All Event 1	1	일본
3	아차모	0	Never	10					1		현장	일본		0	0	PCJP Gift	PCJP	2573	2005-11-26	2005-12-11	Gotta Catch 'Em All Event 1	1	일본
3	물짱이	0	Never	10					1		현장	일본		0	0	PCJP Gift	PCJP	2574	2005-11-26	2005-12-11	Gotta Catch 'Em All Event 1	1	일본
3	치코리타	0	Never	10					1		현장	일본		0	0	PCJP Gift	PCJP	2575	2005-12-17	2005-12-31	Gotta Catch 'Em All Event 2	1	일본
3	브케인	0	Never	10					1		현장	일본		0	0	PCJP Gift	PCJP	2576	2005-12-17	2005-12-31	Gotta Catch 'Em All Event 2	1	일본
3	리아코	0	Never	10					1		현장	일본		0	0	PCJP Gift	PCJP	2577	2005-12-17	2005-12-31	Gotta Catch 'Em All Event 2	1	일본
3	아보	0	Never	10					1		현장	일본		0	0	PCJP Gift	PCJP	2578	2006-01-14	2006-01-29	Gotta Catch 'Em All Event 3	1	일본
3	피카츄	0	Never	10					1		시리얼	일본		0	0	PCJP Gift	PCJP	2579	2005-03-19	2005-04-03	Pokémon Center Online Opening / Gotta Catch 'Em All Event 6 / Gotta Catch 'Em All Event 5 / Gotta Catch 'Em All Event 3 / Pokémon Festival GW	3	일본
3	나옹	0	Never	10					1		현장	일본		0	0	PCJP Gift	PCJP	2580	2006-01-14	2006-01-29	Gotta Catch 'Em All Event 3	1	일본
3	가디	0	Never	10					1		현장	일본		0	0	PCJP Gift	PCJP	2581	2006-01-14	2006-01-29	Gotta Catch 'Em All Event 3	1	일본
3	모다피	0	Never	10					1		현장	일본		0	0	PCJP Gift	PCJP	2582	2006-01-14	2006-01-29	Gotta Catch 'Em All Event 3	1	일본
3	야돈	0	Never	10					1		현장	일본		0	0	PCJP Gift	PCJP	2583	2006-01-14	2006-01-29	Gotta Catch 'Em All Event 3	1	일본
3	셀러	0	Never	10					1		현장	일본		0	0	PCJP Gift	PCJP	2584	2006-01-14	2006-01-29	Gotta Catch 'Em All Event 3	1	일본
3	럭키	0	Never	10					1		현장	일본		0	0	PCJP Gift	PCJP	2585	2006-01-14	2006-01-29	Gotta Catch 'Em All Event 3	1	일본
3	캥카	0	Never	10					1		현장	일본		0	0	PCJP Gift	PCJP	2586	2006-01-14	2006-01-29	Gotta Catch 'Em All Event 3	1	일본
3	스라크	0	Never	10					1		현장	일본		0	0	PCJP Gift	PCJP	2587	2006-01-14	2006-01-29	Gotta Catch 'Em All Event 3	1	일본
3	에레브	0	Never	10					1		현장	일본		0	0	PCJP Gift	PCJP	2588	2006-01-14	2006-01-29	Gotta Catch 'Em All Event 3	1	일본
3	마그마	0	Never	10					1		현장	일본		0	0	PCJP Gift	PCJP	2589	2006-01-14	2006-01-29	Gotta Catch 'Em All Event 3	1	일본
3	켄타로스	0	Never	10					1		현장	일본		0	0	PCJP Gift	PCJP	2590	2006-01-14	2006-01-29	Gotta Catch 'Em All Event 3	1	일본
3	니로우	0	Never	10					1		현장	일본		0	0	PCJP Gift	PCJP	2591	2006-01-14	2006-01-29	Gotta Catch 'Em All Event 3	1	일본
3	무우마	0	Never	10					1		현장	일본		0	0	PCJP Gift	PCJP	2592	2006-01-14	2006-01-29	Gotta Catch 'Em All Event 3	1	일본
3	침바루	0	Never	10					1		현장	일본		0	0	PCJP Gift	PCJP	2593	2006-01-14	2006-01-29	Gotta Catch 'Em All Event 3	1	일본
3	포푸니	0	Never	10					1		현장	일본		0	0	PCJP Gift	PCJP	2594	2006-01-14	2006-01-29	Gotta Catch 'Em All Event 3	1	일본
3	딜리버드	0	Never	10					1		현장	일본		0	0	PCJP Gift	PCJP	2595	2006-01-14	2006-01-29	Gotta Catch 'Em All Event 3	1	일본
3	만타인	0	Never	10					1		현장	일본		0	0	PCJP Gift	PCJP	2596	2006-01-14	2006-01-29	Gotta Catch 'Em All Event 3	1	일본
3	이상해씨	0	Never	10					1		현장	일본		0	0	PCJP Gift	PCJP	2597	2006-02-11	2006-02-27	Gotta Catch 'Em All Event 4	1	일본
3	파이리	0	Never	10					1		현장	일본		0	0	PCJP Gift	PCJP	2598	2006-02-11	2006-02-27	Gotta Catch 'Em All Event 4	1	일본
3	꼬부기	0	Never	10					1		현장	일본		0	0	PCJP Gift	PCJP	2599	2006-02-11	2006-02-27	Gotta Catch 'Em All Event 4	1	일본
3	연꽃몬	0	Never	10					1		현장	일본		0	0	PCJP Gift	PCJP	2601	2006-03-21	2006-04-09	Gotta Catch 'Em All Event 5	1	일본
3	도토링	0	Never	10					1		현장	일본		0	0	PCJP Gift	PCJP	2602	2006-03-21	2006-04-09	Gotta Catch 'Em All Event 5	1	일본
3	비구술	0	Never	10					1		현장	일본		0	0	PCJP Gift	PCJP	2603	2006-03-21	2006-04-09	Gotta Catch 'Em All Event 5	1	일본
3	에나비	0	Never	10					1		현장	일본		0	0	PCJP Gift	PCJP	2604	2006-03-21	2006-04-09	Gotta Catch 'Em All Event 5	1	일본
3	깜까미	0	Never	10					1		현장	일본		0	0	PCJP Gift	PCJP	2605	2006-03-21	2006-04-09	Gotta Catch 'Em All Event 5	1	일본
3	입치트	0	Never	10					1		현장	일본		0	0	PCJP Gift	PCJP	2606	2006-03-21	2006-04-09	Gotta Catch 'Em All Event 5	1	일본
3	요가랑	0	Never	10					1		현장	일본		0	0	PCJP Gift	PCJP	2607	2006-03-21	2006-04-09	Gotta Catch 'Em All Event 5	1	일본
3	플러시	0	Never	10					1		현장	일본		0	0	PCJP Gift	PCJP	2608	2006-03-21	2006-04-09	Gotta Catch 'Em All Event 5	1	일본
3	마이농	0	Never	10					1		현장	일본		0	0	PCJP Gift	PCJP	2609	2006-03-21	2006-04-09	Gotta Catch 'Em All Event 5	1	일본
3	로젤리아	0	Never	10					1		현장	일본		0	0	PCJP Gift	PCJP	2610	2006-03-21	2006-04-09	Gotta Catch 'Em All Event 5	1	일본
3	쟝고	0	Never	10					1		현장	일본		0	0	PCJP Gift	PCJP	2611	2006-03-21	2006-04-09	Gotta Catch 'Em All Event 5	1	일본
3	세비퍼	0	Never	10					1		현장	일본		0	0	PCJP Gift	PCJP	2612	2006-03-21	2006-04-09	Gotta Catch 'Em All Event 5	1	일본
3	루나톤	0	Never	10					1		현장	일본		0	0	PCJP Gift	PCJP	2613	2006-03-21	2006-04-09	Gotta Catch 'Em All Event 5	1	일본
3	솔록	0	Never	10					1		현장	일본		0	0	PCJP Gift	PCJP	2614	2006-03-21	2006-04-09	Gotta Catch 'Em All Event 5	1	일본
3	치렁	0	Never	10					1		현장	일본		0	0	PCJP Gift	PCJP	2615	2006-03-21	2006-04-09	Gotta Catch 'Em All Event 5	1	일본
3	부우부	0	Never	10					1		현장	일본		0	0	PCJP Gift	PCJP	2617	2006-04-22	2006-05-07	Gotta Catch 'Em All Event 6	1	일본
3	메리프	0	Never	10					1		현장	일본		0	0	PCJP Gift	PCJP	2618	2006-04-22	2006-05-07	Gotta Catch 'Em All Event 6	1	일본
3	에이팜	0	Never	10					1		현장	일본		0	0	PCJP Gift	PCJP	2619	2006-04-22	2006-05-07	Gotta Catch 'Em All Event 6	1	일본
3	해너츠	0	Never	10					1		현장	일본		0	0	PCJP Gift	PCJP	2620	2006-04-22	2006-05-07	Gotta Catch 'Em All Event 6	1	일본
3	마자용	0	Never	10					1		현장	일본		0	0	PCJP Gift	PCJP	2621	2006-04-22	2006-05-07	Gotta Catch 'Em All Event 6	1	일본
3	피콘	0	Never	10					1		현장	일본		0	0	PCJP Gift	PCJP	2622	2006-04-22	2006-05-07	Gotta Catch 'Em All Event 6	1	일본
3	글라이거	0	Never	10					1		현장	일본		0	0	PCJP Gift	PCJP	2623	2006-04-22	2006-05-07	Gotta Catch 'Em All Event 6	1	일본
3	블루	0	Never	10					1		현장	일본		0	0	PCJP Gift	PCJP	2624	2006-04-22	2006-05-07	Gotta Catch 'Em All Event 6	1	일본
3	단단지	0	Never	10					1		현장	일본		0	0	PCJP Gift	PCJP	2625	2006-04-22	2006-05-07	Gotta Catch 'Em All Event 6	1	일본
3	깜지곰	0	Never	10					1		현장	일본		0	0	PCJP Gift	PCJP	2626	2006-04-22	2006-05-07	Gotta Catch 'Em All Event 6	1	일본
3	델빌	0	Never	10					1		현장	일본		0	0	PCJP Gift	PCJP	2627	2006-04-22	2006-05-07	Gotta Catch 'Em All Event 6	1	일본
3	노라키	0	Never	10					1		현장	일본		0	0	PCJP Gift	PCJP	2628	2006-04-22	2006-05-07	Gotta Catch 'Em All Event 6	1	일본
3	루브도	0	Never	10					1		현장	일본		0	0	PCJP Gift	PCJP	2629	2006-04-22	2006-05-07	Gotta Catch 'Em All Event 6	1	일본
